date,id,ticker,open,high,low,close,volume,returns,log_returns,volatility,MA20,MA50
2023-03-15,50,AAPL,148.894,150.923,147.643,150.666,77167900,0.002615240262721752,0.0026118264725315714,0.0151580387358755,148.02275,142.481
2023-03-16,51,AAPL,149.849,154.084,149.337,153.483,76161100,0.018696985384891063,0.018524345332869105,0.01542423169727943,148.04835,143.091
2023-03-17,52,AAPL,153.71,154.36,151.937,152.646,98944600,-0.005453372686225921,-0.0054682966049093675,0.015281969125751282,148.11185,143.6589
2023-03-20,53,AAPL,152.715,155.423,151.809,155.009,73641400,0.015480261520118388,0.015361664646165916,0.015507208107773594,148.35065,144.3004
2023-03-21,54,AAPL,154.931,156.979,154.163,156.861,73938300,0.011947693359740441,0.011876883126067089,0.014133977815390372,148.88245,144.88848
2023-03-22,55,AAPL,156.881,159.678,155.413,155.433,75701800,-0.009103601277564155,-0.009145292274038182,0.01441777702505607,149.32170000000002,145.43758
2023-03-23,56,AAPL,156.418,159.096,155.285,156.516,67622100,0.006967632356063458,0.006943470574420733,0.014444941483112636,149.79095,145.99694
2023-03-24,57,AAPL,156.447,157.905,155.453,157.816,59196500,0.008305860103759333,0.008271556265421323,0.013585127852021315,150.45765,146.52802
2023-03-27,58,AAPL,157.511,158.328,155.472,155.876,52390300,-0.012292796674608364,-0.01236897806499303,0.014056083902417787,150.9678,147.02186
2023-03-28,59,AAPL,155.571,156.083,153.611,155.256,45992200,-0.00397752059329215,-0.003985451966780688,0.014070369199904556,151.47205,147.47675999999998
2023-03-29,60,AAPL,156.95,158.604,156.93,158.328,51305700,0.019786674911114632,0.01959346317888553,0.013873278704042504,152.23329999999999,147.9699
2023-03-30,61,AAPL,159.077,160.003,158.821,159.894,49501700,0.009890859481582526,0.009842265095049152,0.01391054609411332,153.0433,148.50871999999998
2023-03-31,62,AAPL,159.973,162.494,159.451,162.396,68749800,0.01564786671169638,0.015526701198640153,0.012318376580032176,153.72629999999998,149.09640000000002
2023-04-03,63,AAPL,161.775,163.764,161.726,163.646,56976200,0.007697233922017821,0.007667761358523017,0.011898028877855937,154.3339,149.65794
2023-04-04,64,AAPL,164.07,164.306,162.602,163.115,46278300,-0.0032448089168081173,-0.0032500847250124293,0.011227983726374633,155.02474999999998,150.14514
2023-04-05,65,AAPL,162.238,162.543,159.343,161.273,51511700,-0.011292646292493158,-0.011356892352581244,0.011720809745258395,155.56099999999998,150.56758
2023-04-06,66,AAPL,159.963,162.455,159.54,162.159,45390100,0.005493790033049617,0.005478754212542001,0.010891402578363189,156.2538,151.0209
2023-04-10,67,AAPL,158.968,159.569,157.649,159.569,47716900,-0.015971978120239982,-0.016100904815279187,0.011086107514973955,156.92000000000002,151.38114
2023-04-11,68,AAPL,159.884,159.894,158.072,158.358,47644200,-0.007589193389693438,-0.00761813785426499,0.01119134731789967,157.42865,151.6784
2023-04-12,69,AAPL,158.771,159.599,157.353,157.668,50133100,-0.00435721592846583,-0.004366736258610448,0.011021479985556875,157.7984,152.01948000000002
2023-04-13,70,AAPL,159.175,163.282,158.968,163.046,68445600,0.03410964812136896,0.03354081313468045,0.01309865547510281,158.4174,152.44276
2023-04-14,71,AAPL,162.09,163.794,161.332,162.701,49386500,-0.002115967273039532,-0.0021182090947623445,0.012693157025706142,158.8783,152.83672
2023-04-17,72,AAPL,162.583,162.878,161.539,162.721,41516200,0.00012292487446297073,0.0001229173198196859,0.012558309646933996,159.38205,153.12508
2023-04-18,73,AAPL,163.577,164.867,163.134,163.942,49923000,0.007503641201811684,0.0074756289282611665,0.01227373558531489,159.82869999999997,153.36548
2023-04-19,74,AAPL,163.282,165.606,163.026,165.084,47720200,0.006965878176428131,0.006941728531174366,0.012129654205351878,160.23985,153.6832
2023-04-20,75,AAPL,163.567,165.32,163.046,164.119,52456400,-0.005845508953017831,-0.00586266081404435,0.011984826609829472,160.67415,153.9242
2023-04-21,76,AAPL,162.543,163.922,161.992,162.514,58337300,-0.009779489273027409,-0.00982762254789781,0.012259494231862579,160.97404999999998,154.18678
2023-04-24,77,AAPL,162.494,163.085,161.401,162.819,41949600,0.0018767613867112232,0.0018750024704268348,0.012168093147925857,161.2242,154.47611999999998
2023-04-25,78,AAPL,162.681,163.784,161.243,161.283,48714100,-0.009433788439924151,-0.009478568474863551,0.012011691077293218,161.49454999999998,154.72744
2023-04-26,79,AAPL,160.584,162.77,160.327,161.273,45498800,-6.200281492774184e-05,-6.200473718172851e-05,0.011944730785591611,161.7954,154.92264
2023-04-27,80,AAPL,162.681,166.0,162.681,165.852,64902300,0.02839284939202469,0.02799724324659171,0.012748338848352837,162.17159999999998,155.22222
2023-04-28,81,AAPL,165.931,167.27,165.33,167.103,55275900,0.007542869546342645,0.007514564351663729,0.01268638989315923,162.53204999999997,155.50486
2023-05-01,82,AAPL,166.709,167.861,166.079,167.014,52472900,-0.0005326056384385991,-0.0005327475232029677,0.012299260286817708,162.76295,155.81762
2023-05-02,83,AAPL,167.507,167.763,164.995,165.98,48425700,-0.006191097752284325,-0.006210342068048769,0.012321452425515923,162.87965,156.13255999999998
2023-05-03,84,AAPL,166.926,168.324,164.621,164.907,65136000,-0.006464634293288252,-0.006485620536044474,0.012397602328684773,162.96925000000002,156.5062
2023-05-04,85,AAPL,162.386,164.503,161.815,163.272,81235400,-0.009914679182812192,-0.009964156923388064,0.012331575936801207,163.0692,156.83868
2023-05-05,86,AAPL,168.383,171.653,168.167,170.934,113453200,0.046927825959135694,0.045859995375881916,0.016089413085486587,163.50795,157.31474
2023-05-08,87,AAPL,169.86,171.21,169.496,170.865,55962800,-0.00040366457229101815,-0.00040374606676617247,0.015501345857640328,164.07274999999998,157.8424
2023-05-09,88,AAPL,170.422,170.904,168.994,169.161,45326900,-0.009972785532437967,-0.010022846870153234,0.015600242552870597,164.61290000000002,158.31216
2023-05-10,89,AAPL,170.392,171.387,169.289,170.924,53724500,0.010422023988980955,0.01036808911367788,0.015562525194922124,165.2757,158.82722
2023-05-11,90,AAPL,171.21,171.938,169.555,171.111,49514700,0.001094053497460834,0.0010934554570855453,0.013878035893593018,165.67895000000001,159.38738
2023-05-12,91,AAPL,171.22,171.654,168.636,170.184,45533100,-0.005417535985412947,-0.005432264050789997,0.013955336103836438,166.05310000000003,159.91718
2023-05-15,92,AAPL,170.766,170.815,169.099,169.691,37266700,-0.0028968645701122897,-0.002901068603253855,0.013996878324416838,166.4016,160.33628000000002
2023-05-16,93,AAPL,169.612,170.746,169.425,169.691,42110300,0.0,0.0,0.013947446433056896,166.68905,160.70022
2023-05-17,94,AAPL,169.336,170.539,168.064,170.302,57951600,0.0036006623804443194,0.003594195514340745,0.013902266660254806,166.94995,161.12030000000001
2023-05-18,95,AAPL,170.608,172.817,170.194,172.63,65496700,0.013669833589740499,0.013577244247565208,0.014032951995508448,167.37550000000002,161.56194
2023-05-19,96,AAPL,173.951,173.951,172.521,172.738,55809500,0.000625615478190289,0.0006254198624096014,0.013738742659044357,167.8867,162.05064000000002
2023-05-22,97,AAPL,171.575,172.295,171.052,171.792,43570900,-0.005476501985666182,-0.005491552999087514,0.01387215871909652,168.33535,162.56158
2023-05-23,98,AAPL,170.736,170.983,168.912,169.188,50747300,-0.01515786532551,-0.015273920020555417,0.014192658097404496,168.7306,162.98164
2023-05-24,99,AAPL,168.725,170.036,168.163,169.464,45143500,0.0016313213703100793,0.0016299922109311916,0.014181683948662985,169.14015,163.36546
2023-05-25,100,AAPL,170.026,171.496,169.316,170.598,56058300,0.006691686729924928,0.006669396777278999,0.012871992872864649,169.37745,163.76409999999998
2023-05-26,101,AAPL,170.924,173.34,170.717,173.005,54835000,0.014109192370367563,0.0140105841548013,0.013115963429709918,169.67255,164.15453999999997
2023-05-30,102,AAPL,174.513,176.515,174.129,174.849,55964400,0.010658651484061199,0.010602248490919031,0.013248493310365646,170.0643,164.5986
2023-05-31,103,AAPL,174.878,176.87,174.316,174.799,99625300,-0.0002859610292308412,-0.0002860019238823308,0.013112603955735354,170.50525,164.99439999999998
2023-06-01,104,AAPL,175.243,177.63,174.484,177.6,68901800,0.016024119131116343,0.015897088176797237,0.013251375744143023,171.13989999999998,165.40918000000002
2023-06-02,105,AAPL,178.527,179.267,176.782,178.448,61996900,0.004774774774774837,0.004763411694111467,0.01285250966364899,171.8987,165.86948
2023-06-05,106,AAPL,180.105,182.393,175.579,177.097,121946500,-0.007570832959741813,-0.007599637189026594,0.008394872111363194,172.20685,166.2811
2023-06-06,107,AAPL,177.482,177.63,174.977,176.732,64848400,-0.0020610174085389232,-0.002063144227694734,0.008425954670142016,172.5002,166.65941999999998
2023-06-07,108,AAPL,175.973,178.705,174.868,175.362,61944600,-0.007751850259149484,-0.007782052031357947,0.00827701865891497,172.81025,167.04914
2023-06-08,109,AAPL,175.44,178.34,175.007,178.074,50214900,0.015465152085400558,0.015346785433148286,0.008622041662162011,173.16775,167.50550000000004
2023-06-09,110,AAPL,178.991,179.711,178.133,178.458,48900000,0.0021564068870243425,0.002154085178792456,0.00861887863901885,173.5351,167.9081
2023-06-12,111,AAPL,178.764,181.348,178.468,181.249,54274900,0.01563953423214426,0.015518497062141994,0.008927752606800022,174.08835,168.33519999999996
2023-06-13,112,AAPL,180.273,181.604,179.918,180.776,54929100,-0.0026096695705906114,-0.002613080694120375,0.008917668345268045,174.6426,168.70280000000002
2023-06-14,113,AAPL,180.835,181.841,179.504,181.407,57462900,0.003490507589503089,0.0034844299065796593,0.008885707229509612,175.22840000000002,169.05802
2023-06-15,114,AAPL,181.417,183.941,181.239,183.438,65433200,0.011195819345449554,0.011133610052077152,0.009056245417938761,175.8852,169.46448
2023-06-16,115,AAPL,184.148,184.405,181.722,182.363,101256200,-0.0058602906704171565,-0.005877529556705068,0.008984216826343242,176.37185,169.88628
2023-06-20,116,AAPL,181.86,183.527,181.86,182.452,49799100,0.00048803759534554736,0.0004879185437311795,0.008986009247919848,176.85755,170.29214
2023-06-21,117,AAPL,182.344,182.847,180.066,181.417,49515700,-0.005672724881064628,-0.005688875893983239,0.008995597555674001,177.33880000000002,170.7291
2023-06-22,118,AAPL,181.2,184.464,181.131,184.415,51245300,0.016525463435069332,0.016390403880798217,0.008445646924035299,178.10015,171.25023999999996
2023-06-23,119,AAPL,182.985,184.967,182.452,184.099,53117000,-0.00171352655695034,-0.0017149963228095505,0.008535001141793229,178.83190000000002,171.77885999999998
2023-06-26,120,AAPL,184.247,185.45,182.669,182.709,48088700,-0.007550285444244631,-0.007578933139335265,0.008901097230253082,179.43744999999998,172.17212
2023-06-27,121,AAPL,183.32,185.785,183.103,185.46,50730800,0.015056729553552417,0.014944502117662456,0.008962997684729987,180.0602,172.6273
2023-06-28,122,AAPL,185.332,187.275,185.006,186.634,51216800,0.00633020597433398,0.006310254374718484,0.008832866097195845,180.64945,173.10555999999997
2023-06-29,123,AAPL,186.466,187.442,186.328,186.969,46347300,0.0017949569746134042,0.0017933479644579888,0.008800555555930324,181.25795,173.5661
2023-06-30,124,AAPL,188.981,191.791,188.616,191.288,85213200,0.023100086110531715,0.022837318069044092,0.009452541065779271,181.94235,174.09018
2023-07-03,125,AAPL,191.101,191.2,189.109,189.799,31458200,-0.0077840742754381465,-0.007814528322251685,0.009792704791865392,182.50990000000002,174.60378
2023-07-05,126,AAPL,188.921,190.312,187.985,188.685,46920300,-0.005869367067265929,-0.005886659499103654,0.009701786680712674,183.0893,175.1272
2023-07-06,127,AAPL,187.215,189.365,186.584,189.158,45094300,0.0025068235418819196,0.0025036867009909083,0.009624416617049044,183.7106,175.65398000000002
2023-07-07,128,AAPL,188.764,190.006,187.61,188.044,46815000,-0.005889256600302262,-0.005906666660481298,0.009518781631665026,184.3447,176.18920000000003
2023-07-10,129,AAPL,186.643,187.363,184.454,186.002,59922200,-0.010859160621982111,-0.01091855165589136,0.009602676064134811,184.74110000000002,176.68378
2023-07-11,130,AAPL,186.545,186.683,184.02,185.48,46638100,-0.0028064214363286988,-0.0028103668203035294,0.009668406426833503,185.0922,177.07634000000002
2023-07-12,131,AAPL,187.058,189.05,185.864,187.146,60750200,0.008982100496010226,0.008942001368737644,0.0092800192170136,185.38705,177.4772
2023-07-13,132,AAPL,187.866,188.547,187.156,187.906,41342300,0.004061000502281642,0.004052776896269059,0.00923892142251926,185.74355,177.89504
2023-07-14,133,AAPL,187.6,188.537,187.008,188.054,41616200,0.0007876278564813433,0.0007873178404353597,0.009235374552625403,186.0759,178.33652
2023-07-17,134,AAPL,189.247,191.633,189.158,191.308,50520200,0.017303540472417556,0.017155539075362363,0.009652544613502156,186.4694,178.86453999999998
2023-07-18,135,AAPL,190.677,191.643,189.76,191.052,48288200,-0.0013381562715620854,-0.0013390524021967437,0.009506982801682912,186.90385,179.42014000000003
2023-07-19,136,AAPL,190.43,195.489,189.987,192.403,80507300,0.00707137323869933,0.007046488323768625,0.009552157496744913,187.4014,179.84952
2023-07-20,137,AAPL,192.393,193.754,189.839,190.46,59581200,-0.010098595136250443,-0.010149931859736639,0.00980431964443214,187.85354999999998,180.24142
2023-07-21,138,AAPL,191.417,192.274,188.586,189.286,71951700,-0.0061640239420350795,-0.006183099968067611,0.009397921271797074,188.0971,180.64392
2023-07-24,139,AAPL,190.736,192.215,189.592,190.085,45377800,0.00422112570396127,0.004212241744289624,0.009389919747601961,188.3964,181.02714
2023-07-25,140,AAPL,190.657,191.752,190.253,190.943,37283200,0.004513770155456731,0.004503613646245512,0.009152778022943507,188.8081,181.42378
2023-07-26,141,AAPL,190.992,192.935,190.647,191.811,47471900,0.0045458592354785665,0.004535558024157573,0.008667375326856526,189.12565,181.85632
2023-07-27,142,AAPL,193.31,194.474,189.888,190.549,47460200,-0.0065793932569039315,-0.006601132872839528,0.008785902889346697,189.32139999999998,182.27348
2023-07-28,143,AAPL,191.979,193.911,191.456,193.123,48291400,0.013508336438396329,0.013417912271645613,0.00921628784718955,189.6291,182.74212
2023-07-31,144,AAPL,193.349,193.773,192.56,193.734,38824100,0.003163786809442737,0.003158792566994637,0.0077343963771073,189.7514,183.21076000000002
2023-08-01,145,AAPL,193.527,194.01,192.58,192.906,35175100,-0.004273901328625818,-0.004283060551301145,0.007570701120007201,189.90675,183.61628000000002
2023-08-02,146,AAPL,192.343,192.482,189.198,189.917,50389300,-0.015494593221569097,-0.015615889015111005,0.00829125546738389,189.96835000000002,183.95985999999996
2023-08-03,147,AAPL,188.921,189.71,188.054,188.527,61235200,-0.0073189867152493315,-0.007345901906884786,0.008446882305176864,189.9368,184.29456
2023-08-04,148,AAPL,182.955,184.789,179.405,179.474,115956800,-0.04801964705320727,-0.0492108820646632,0.013624432123539422,189.50830000000002,184.50027999999998
2023-08-07,149,AAPL,179.612,180.598,174.898,176.377,97576100,-0.01725598136777462,-0.017406601056129765,0.013909529624184194,189.02704999999997,184.63854
2023-08-08,150,AAPL,177.206,177.778,175.125,177.314,67823000,0.005312484054043276,0.005298422589516819,0.014019981157472775,188.61875,184.77286
2023-08-09,151,AAPL,178.369,178.429,174.563,175.726,60378500,-0.008955863609190429,-0.008996208418059709,0.013842755103060336,188.04775,184.82728000000003
2023-08-10,152,AAPL,176.999,178.251,175.145,175.509,54686900,-0.0012348770244585694,-0.0012356401133700034,0.01374990165273185,187.4279,184.84048
2023-08-11,153,AAPL,175.105,176.388,174.344,175.569,52036700,0.0003418628104541188,0.0003418043886779755,0.013743260541873269,186.80365,184.85587999999998
2023-08-14,154,AAPL,175.746,177.445,175.095,177.218,43675600,0.009392318689518175,0.009348485116507113,0.013221855649239332,186.09915,184.84823999999998
2023-08-15,155,AAPL,176.645,177.238,174.838,175.233,43622600,-0.011200893814398039,-0.011264096217628623,0.013311449942988803,185.3082,184.78394
2023-08-16,156,AAPL,174.917,176.309,174.295,174.364,46964900,-0.004959111582863995,-0.004971448781306059,0.01304317213869595,184.40625,184.72928
2023-08-17,157,AAPL,174.927,175.292,171.313,171.826,66062900,-0.014555756922300489,-0.014662731282967283,0.01317537746353605,183.47455,184.63116
2023-08-18,158,AAPL,170.147,172.912,169.812,172.31,61172200,0.0028168030449409187,0.002812843289402059,0.013287995659821793,182.62574999999998,184.57011999999997
2023-08-21,159,AAPL,172.883,173.93,171.569,173.643,46311900,0.007736057106378036,0.007706287252223232,0.013433276695854883,181.80365,184.48149999999998
2023-08-22,160,AAPL,174.848,175.46,174.048,175.016,42038900,0.007907027637163555,0.007875930908374094,0.013572831090299815,181.00730000000001,184.41266
2023-08-23,161,AAPL,176.29,179.282,176.102,178.857,52722800,0.021946564885496178,0.02170920556676129,0.014679350629675975,180.3596,184.36481999999995
2023-08-24,162,AAPL,178.413,178.837,173.811,174.176,54945800,-0.02617174614356732,-0.02652032163057742,0.01553260651886622,179.54095,184.23282
2023-08-25,163,AAPL,175.164,176.912,173.623,176.379,51449600,0.012648126033437457,0.012568806615123556,0.015481614490800493,178.70374999999999,184.13225999999997
2023-08-28,164,AAPL,177.84,178.334,176.319,177.939,43820700,0.008844590342387715,0.008805706062049787,0.015678718818332944,177.91400000000002,184.02228
2023-08-29,165,AAPL,177.455,182.59,177.257,181.82,53003900,0.021810845289677916,0.02157639176474931,0.016716263394820543,177.3597,184.01142
2023-08-30,166,AAPL,182.629,185.503,182.432,185.306,60813900,0.019172808271917363,0.018991325997830433,0.01712526604458205,177.12915,184.06849999999997
2023-08-31,167,AAPL,185.493,186.757,185.138,185.523,60794500,0.001171036016103022,0.0011703508882482821,0.01706779040223469,176.97895,184.15061999999998
2023-09-01,168,AAPL,187.123,187.547,185.928,187.093,45766500,0.008462562593317235,0.008426955852314589,0.013010024971550346,177.35989999999998,184.20418
2023-09-05,169,AAPL,185.928,187.606,185.266,187.33,45280000,0.0012667496913301157,0.0012659480408621117,0.01218835462542057,177.90755,184.2688
2023-09-06,170,AAPL,186.046,186.491,179.203,180.625,81755800,-0.03579245182298629,-0.036448708606270974,0.01494690536170077,178.0731,184.22711999999999
2023-09-07,171,AAPL,172.991,175.984,171.372,175.342,112488800,-0.029248442906574357,-0.029684706360907,0.016289101102707395,178.0539,184.02476000000001
2023-09-08,172,AAPL,176.122,177.988,175.569,175.954,65551300,0.0034903217711672596,0.003484244734570927,0.016304237782047173,178.07615,183.81116000000003
2023-09-11,173,AAPL,177.82,178.047,175.124,177.119,58953100,0.0066210486831785875,0.0065992258142360104,0.016366358083573052,178.15365,183.61416
2023-09-12,174,AAPL,177.248,177.88,172.636,174.097,90370200,-0.017061975282154918,-0.01720920790507976,0.016681612511754408,177.99759999999998,183.27034
2023-09-13,175,AAPL,174.305,175.085,171.806,172.033,84267900,-0.011855459887304298,-0.011926296273812637,0.016703813125394058,177.8376,182.91502
2023-09-14,176,AAPL,171.826,173.9,171.411,173.544,60895800,0.00878319857236698,0.008744850665056368,0.01680551916428605,177.79659999999998,182.6122
2023-09-15,177,AAPL,174.275,174.295,171.648,172.823,109259500,-0.004154565989028747,-0.004163220176218895,0.01649266789160797,177.84645,182.28549999999998
2023-09-18,178,AAPL,174.275,177.139,173.969,175.746,67257600,0.016913258073288917,0.01677182146552216,0.016896762246369202,178.01825000000002,182.03954
2023-09-19,179,AAPL,175.302,177.386,174.917,176.833,51826900,0.0061850625334287646,0.006166013539950076,0.016868355878814467,178.17775,181.85616
2023-09-20,180,AAPL,177.02,177.455,173.209,173.298,58436200,-0.019990612611899383,-0.020193128395947856,0.017415798027647984,178.09185,181.61252000000002
2023-09-21,181,AAPL,172.369,174.097,171.688,171.757,63149100,-0.008892197255594425,-0.008931968788028445,0.016687999864375486,177.73685,181.30473999999998
2023-09-22,182,AAPL,172.488,174.868,171.875,172.606,56725400,0.004943029978399682,0.004930853315636654,0.01572790242645124,177.65834999999998,180.99874
2023-09-25,183,AAPL,172.024,174.759,171.974,173.88,46172700,0.007380971692756866,0.007353865618916963,0.01554207838536506,177.5334,180.71526000000003
2023-09-26,184,AAPL,172.636,173.011,169.515,169.812,64588900,-0.023395445134575477,-0.023673463362356605,0.016170456055191493,177.12705,180.28534000000002
2023-09-27,185,AAPL,170.463,170.878,166.938,168.301,66921800,-0.008898075518809168,-0.008937899808479028,0.015198332152192472,176.4511,179.83032
2023-09-28,186,AAPL,167.224,169.881,165.526,168.557,56294400,0.0015210842478654563,0.001519928570993732,0.014282349602621213,175.61365,179.35339999999997
2023-09-29,187,AAPL,169.871,170.908,168.212,169.071,51861100,0.003049413551498903,0.0030447735205172593,0.014328588334315388,174.79104999999998,178.92562
2023-10-02,188,AAPL,169.081,172.122,168.794,171.579,52164500,0.014834004648934584,0.0147250569014655,0.014698791335804757,174.01535,178.57148
2023-10-03,189,AAPL,170.108,171.461,168.686,170.246,49594600,-0.0077690160217742665,-0.007799352049618195,0.014660245360370508,173.16115,178.1747
2023-10-04,190,AAPL,168.952,172.033,168.834,171.49,53020300,0.007307073293939315,0.0072805059749417285,0.012907006932687528,172.70440000000002,177.78563999999997
2023-10-05,191,AAPL,171.619,173.258,170.523,172.725,48527900,0.007201586098314783,0.0071757785068029024,0.011420899864284169,172.57355,177.40392
2023-10-06,192,AAPL,171.629,175.766,171.016,175.273,57266700,0.014751773049645367,0.01464402401264869,0.011905151611310833,172.5395,177.09839999999997
2023-10-09,193,AAPL,174.601,176.813,173.604,176.754,42390800,0.008449675648845023,0.008414176967613467,0.011966561930882235,172.52125,176.77102
2023-10-10,194,AAPL,175.875,177.475,175.727,176.161,43698000,-0.0033549452911956212,-0.0033605857392789485,0.011314824195150817,172.62445,176.41956
2023-10-11,195,AAPL,175.974,177.603,175.381,177.554,47551100,0.007907539126140284,0.007876438384592555,0.011024415083367897,172.90050000000002,176.11252000000002
2023-10-12,196,AAPL,177.82,180.062,176.803,178.452,56743100,0.005057616274485532,0.005044869494112614,0.01092839738528822,173.1459,175.88322
2023-10-13,197,AAPL,179.153,179.657,175.914,176.615,51427100,-0.010294084683836524,-0.010347435219346139,0.011177571990937845,173.3355,175.64498
2023-10-16,198,AAPL,174.542,176.843,174.305,176.487,52517000,-0.00072474025422542,-0.0007250030054020406,0.010545991543901127,173.37255,175.58524
2023-10-17,199,AAPL,174.443,176.191,172.616,174.937,57549400,-0.008782516559293185,-0.008821310161840774,0.010634364548811335,173.27775000000003,175.55644
2023-10-18,200,AAPL,173.386,175.361,172.922,173.643,54764400,-0.007396948615787435,-0.007424441700726509,0.009755100910219382,173.29500000000002,175.48302
2023-10-19,201,AAPL,173.841,175.618,173.001,173.268,59302900,-0.0021596033240613988,-0.002161938630149027,0.009540645960822547,173.37055,175.43385999999998
2023-10-20,202,AAPL,173.12,173.228,170.483,170.72,64244000,-0.01470554285846204,-0.014814741223639086,0.010054821108284588,173.27625,175.33807999999996
2023-10-23,203,AAPL,168.775,171.836,167.807,170.839,55980100,0.0006970477975631884,0.0006968049725810051,0.009888763162959639,173.1242,175.24347999999998
2023-10-24,204,AAPL,170.888,171.5,169.308,171.273,43816600,0.002540403537833802,0.0025371821673335444,0.008356409448213187,173.19725,175.12458000000004
2023-10-25,205,AAPL,169.733,170.898,168.518,168.962,57157000,-0.013493078301892392,-0.013584937124307408,0.008684031622092024,173.2303,174.99916000000002
2023-10-26,206,AAPL,168.241,169.239,163.6,164.805,70625300,-0.02460316520874506,-0.024910880748096536,0.010295188090047919,173.0427,174.80798
2023-10-27,207,AAPL,164.825,166.849,164.746,166.118,58499100,0.007966991292739811,0.007935422379597849,0.010456321699635574,172.89505,174.69382000000002
2023-10-30,208,AAPL,166.908,169.031,166.76,168.162,51131000,0.01230450643518477,0.012229421292186867,0.010270551955507782,172.7242,174.61086
2023-10-31,209,AAPL,167.234,168.765,165.802,168.636,44846000,0.0028187105291326287,0.0028147454138696413,0.010173249199070974,172.64370000000002,174.51072
2023-11-01,210,AAPL,168.864,172.053,167.995,171.796,56934900,0.018738584881045517,0.018565180485418057,0.010924001624727512,172.659,174.44632000000001
2023-11-02,211,AAPL,173.327,175.559,173.268,175.352,77334800,0.02069896854408726,0.020487655889024386,0.011767208964811123,172.79035000000002,174.37622000000002
2023-11-03,212,AAPL,172.063,174.611,171.184,174.443,79829200,-0.005183858752680237,-0.005197341563974803,0.011362430595776657,172.74885,174.38155999999998
2023-11-06,213,AAPL,174.176,177.188,174.009,176.991,63841300,0.014606490372213177,0.014500843106350341,0.011687184195710782,172.76069999999999,174.3938
2023-11-07,214,AAPL,176.941,180.161,176.734,179.548,70530000,0.01444706228000281,0.014343697828119454,0.01207898295199229,172.93005,174.42598
2023-11-08,215,AAPL,180.072,181.158,179.321,180.605,49340300,0.0058870051462560635,0.005869744440904737,0.012026699090731247,173.0826,174.40168000000003
2023-11-09,216,AAPL,180.674,181.82,179.539,180.131,53763500,-0.002624512056698225,-0.0026279621262876814,0.01201029496933434,173.16655,174.29818
2023-11-10,217,AAPL,181.911,184.482,181.476,184.314,66133400,0.023221988441745056,0.02295646092819955,0.012735846856798638,173.55149999999998,174.274
2023-11-13,218,AAPL,183.74,183.948,182.148,182.732,43627500,-0.008583178705903971,-0.008620226327484787,0.012950652563651214,173.86374999999998,174.18678
2023-11-14,219,AAPL,185.599,186.005,184.215,185.342,60108400,0.014283212573605208,0.014182168512187414,0.012983788000969044,174.384,174.14702
2023-11-15,220,AAPL,185.747,187.379,185.678,185.906,53790500,0.003043023167981218,0.0030384025443840196,0.012752738721205399,174.99714999999998,174.25263999999999
2023-11-16,221,AAPL,187.448,188.823,186.538,187.587,54412900,0.009042204124665165,0.009001568172303976,0.012737297657296627,175.7131,174.49754000000001
2023-11-17,222,AAPL,188.121,188.249,186.459,187.567,50922700,-0.0001066171962874618,-0.00010662288030474682,0.012002711883040505,176.55545,174.72979999999998
2023-11-20,223,AAPL,187.765,189.762,187.755,189.307,46505100,0.00927668513117963,0.009233920957404098,0.012002233557166892,177.47885000000002,174.97356
2023-11-21,224,AAPL,189.268,189.376,187.616,188.506,38134500,-0.0042312223002846094,-0.004240199252631363,0.012175884109438113,178.3405,175.26174
2023-11-22,225,AAPL,189.347,190.771,188.694,189.169,39617700,0.003517129428241006,0.0035109587929161717,0.011394283899434879,179.35084999999998,175.60446
2023-11-24,226,AAPL,188.734,188.763,187.132,187.844,24048300,-0.007004318889458738,-0.007028964281225199,0.00944089976452829,180.5028,175.89046000000002
2023-11-27,227,AAPL,187.794,188.536,186.786,187.666,40552600,-0.0009475948127168898,-0.0009480440645096351,0.009582635509153363,181.58020000000002,176.18732
2023-11-28,228,AAPL,187.656,188.941,187.28,188.269,38415400,0.0032131552865197754,0.0032080041344236658,0.009491024414708714,182.58554999999998,176.43778000000003
2023-11-29,229,AAPL,188.763,189.94,186.855,187.25,43014200,-0.00541246832988973,-0.0054271688044971,0.00979635215843563,183.51624999999999,176.64612
2023-11-30,230,AAPL,187.715,188.19,186.084,187.824,48794400,0.003065420560747656,0.0030607317388374744,0.009277397039810365,184.31765000000001,176.93664
2023-12-01,231,AAPL,188.2,189.416,187.112,189.1,45704800,0.006793594002896253,0.006770621528245394,0.008487786489483444,185.00504999999998,177.28349999999998
2023-12-04,232,AAPL,187.854,187.923,185.352,187.31,43389500,-0.00946589106292961,-0.009510977356610854,0.008775849213350461,185.6484,177.57758
2023-12-05,233,AAPL,188.081,192.224,188.051,191.255,66628400,0.021061342160055396,0.020842617847950926,0.009304650167188044,186.3616,177.92507999999998
2023-12-06,234,AAPL,192.274,192.58,189.96,190.167,41089700,-0.005688740163655837,-0.005704982674888916,0.009194801650588844,186.89254999999997,178.33217999999997
2023-12-07,235,AAPL,191.463,192.817,191.423,192.096,47477700,0.010143715786650631,0.01009261358856953,0.009315639338846495,187.4671,178.80808000000002
2023-12-08,236,AAPL,192.026,193.796,191.502,193.52,53406400,0.007412960186573336,0.007385619232339175,0.00925952275229014,188.13655,179.30734
2023-12-11,237,AAPL,190.949,191.324,189.278,191.018,60943700,-0.012928896238114995,-0.01301320185783445,0.008748436063563436,188.47175000000001,179.74627999999996
2023-12-12,238,AAPL,190.919,192.541,189.574,192.531,52696900,0.007920719513344388,0.007889515279558982,0.008489632762349784,188.9617,180.16531999999998
2023-12-13,239,AAPL,192.906,195.784,192.669,195.744,70404200,0.016688221637034983,0.01655050333665795,0.008678034218560768,189.4818,180.67528000000001
2023-12-14,240,AAPL,195.804,197.386,193.964,195.893,66831600,0.0007611982998201317,0.0007609087353289887,0.00868924306947231,189.98115,181.16334000000003
2023-12-15,241,AAPL,195.319,196.179,194.795,195.359,128538400,-0.0027259779573541865,-0.002729700201308386,0.008632260391747222,190.36975,181.61602
2023-12-18,242,AAPL,193.895,194.429,192.214,193.697,55751900,-0.008507414554742798,-0.008543809168999845,0.008942416547357042,190.67625,181.9845
2023-12-19,243,AAPL,193.964,194.746,193.697,194.736,40714100,0.005364047971832209,0.005349712707025956,0.008808515638470474,190.9477,182.34414
2023-12-20,244,AAPL,194.696,195.467,192.649,192.649,52242800,-0.010717073371128039,-0.010774914833952914,0.009141823721183096,191.15485,182.6739
2023-12-21,245,AAPL,193.905,194.874,191.334,192.501,46482500,-0.0007682365337997599,-0.0007685317787073263,0.0091330752412486,191.32145,182.97284
2023-12-22,246,AAPL,192.995,193.223,190.81,191.433,37149600,-0.005548023127152635,-0.005563470569133305,0.009072234597270919,191.5009,183.23246000000003
2023-12-26,247,AAPL,191.443,191.72,190.672,190.889,28919300,-0.002841725303369791,-0.002845770670418609,0.009103312154601417,191.66205,183.51794
2023-12-27,248,AAPL,190.335,191.334,188.951,190.988,48087700,0.0005186260077845173,0.0005184915677972496,0.009087060682545164,191.798,183.80795999999998
2023-12-28,249,AAPL,191.967,192.481,191.008,191.413,34049900,0.002225270697635562,0.00222279844973125,0.008973958356515249,192.00615,184.13747999999998
2023-12-29,250,AAPL,191.73,192.224,189.584,190.375,42672100,-0.005422829170432575,-0.005437586082191519,0.00907812963974136,192.1337,184.47212
2024-01-02,251,AAPL,185.055,186.331,181.832,183.562,82488700,-0.035787261982928364,-0.03644332612808912,0.012075505332428916,191.85680000000002,184.678
2024-01-03,252,AAPL,182.158,183.799,181.377,182.188,58414500,-0.007485209357056655,-0.007513364120805357,0.012013970756188631,191.6007,184.90736
2024-01-04,253,AAPL,180.111,181.041,178.855,179.874,71983600,-0.012701165828704397,-0.012782515190614518,0.011036393717878835,191.03165,185.08806
2024-01-05,254,AAPL,179.953,180.714,178.153,179.152,62379700,-0.0040139208557101735,-0.004021998257975896,0.011021297335746652,190.48090000000002,185.24563999999998
2024-01-08,255,AAPL,180.052,183.523,179.469,183.483,59144500,0.02417500223274094,0.023887412633380133,0.012272270271268974,190.05024999999998,185.53606
2024-01-09,256,AAPL,181.861,183.078,180.685,183.068,42841800,-0.0022617899205920056,-0.0022643516308436668,0.012061485542245029,189.52765,185.90131999999997
2024-01-10,257,AAPL,182.287,184.314,181.861,184.106,46792900,0.005670024253282779,0.005654010170741289,0.011948012827728283,189.18204999999998,186.26108
2024-01-11,258,AAPL,184.452,184.956,181.565,183.513,49128400,-0.003220970527847977,-0.0032261690192116675,0.011730009925040209,188.73115,186.56810000000002
2024-01-12,259,AAPL,183.977,184.65,183.117,183.839,40477800,0.0017764409060938569,0.0017748649011245234,0.010902251694905659,188.13590000000002,186.87216
2024-01-16,260,AAPL,180.121,182.198,178.905,181.575,65603000,-0.01231512355920128,-0.012391583080799825,0.011051130773927772,187.42000000000002,187.06774000000001
2024-01-17,261,AAPL,179.241,180.883,178.282,180.635,47317400,-0.00517692413603188,-0.005190370836228037,0.011053007732731997,186.68380000000002,187.17340000000002
2024-01-18,262,AAPL,184.007,187.023,183.75,186.519,78005800,0.03257397514324478,0.0320546899143937,0.013653606052308156,186.3249,187.41492000000002
2024-01-19,263,AAPL,187.211,189.802,186.707,189.416,68903000,0.015531929722977234,0.015412543910301075,0.01411579418192536,186.05890000000002,187.66342
2024-01-22,264,AAPL,190.148,193.144,190.108,191.72,60133900,0.012163703171854445,0.01209031981073195,0.014238176957587362,186.01245,187.90685999999997
2024-01-23,265,AAPL,192.837,193.559,191.661,192.995,42355600,0.006650323388274648,0.00662830754211853,0.014317509178261042,186.03715,188.15466
2024-01-24,266,AAPL,193.233,194.182,192.165,192.323,53631300,-0.003481955491074884,-0.003488031606705477,0.01428106671674065,186.08165000000002,188.3985
2024-01-25,267,AAPL,193.035,194.073,190.949,191.997,54822100,-0.0016950650728201344,-0.0016965033211334575,0.014269965651770558,186.13705,188.55216000000001
2024-01-26,268,AAPL,192.096,192.58,189.792,190.266,44594000,-0.009015765871341896,-0.009056653831516636,0.014423737363329208,186.10095,188.70284
2024-01-29,269,AAPL,189.861,190.049,187.458,189.584,47145600,-0.003584455446585255,-0.0035908949998092834,0.01443314225819225,186.0095,188.78768
2024-01-30,270,AAPL,188.803,189.653,185.372,185.935,55859400,-0.01924740484429066,-0.019435047802976425,0.01500694597712973,185.7875,188.78826
2024-01-31,271,AAPL,184.946,185.006,182.287,182.336,55467800,-0.019356226638341245,-0.01954601139596452,0.01336656065523429,185.7262,188.68323999999996
2024-02-01,272,AAPL,181.931,184.858,181.763,184.769,64885400,0.013343497718497632,0.013255257342968315,0.013582898440247557,185.85525,188.62727999999998
2024-02-02,273,AAPL,177.847,185.233,177.244,183.77,102551700,-0.005406751132495113,-0.005421420511078452,0.01329646749648321,186.05005,188.51654
2024-02-05,274,AAPL,186.044,187.132,183.76,185.579,69668800,0.009843826522283328,0.009795691691489146,0.013373755085177451,186.3714,188.458
2024-02-06,275,AAPL,184.769,187.191,184.68,187.181,43490800,0.008632442248314831,0.008595395767134154,0.012426105844647336,186.55630000000002,188.41824
2024-02-07,276,AAPL,188.506,188.912,186.499,187.29,53439000,0.0005823240606683822,0.0005821545758061158,0.012402206569607622,186.7674,188.40716
2024-02-08,277,AAPL,187.27,187.419,185.253,186.212,40962000,-0.005755779806716821,-0.005772408144039401,0.012449181262159227,186.8727,188.37808
2024-02-09,278,AAPL,186.777,188.103,186.133,186.975,45155200,0.004097480291280986,0.0040891084800083475,0.012437207528990815,187.04579999999999,188.3522
2024-02-12,279,AAPL,186.549,186.796,184.935,185.291,41781900,-0.009006551678031771,-0.009047355852642528,0.01263430192670996,187.1184,188.31302
2024-02-13,280,AAPL,183.925,184.361,181.688,183.202,56529500,-0.01127415794614961,-0.0113381930140815,0.01258089642362812,187.19975,188.22057999999998
2024-02-14,281,AAPL,183.48,183.688,180.628,182.321,54630500,-0.00480889946616303,-0.004820499426838729,0.012572390207141172,187.28405,188.085
2024-02-15,282,AAPL,181.727,182.658,179.549,182.034,65434500,-0.0015741466973085982,-0.0015753869679704493,0.010060810154805824,187.0598,187.97948
2024-02-16,283,AAPL,181.598,183.014,179.866,180.499,49752500,-0.00843249063361784,-0.008468245224814154,0.009370571808651628,186.61395,187.76436
2024-02-20,284,AAPL,179.985,180.618,178.212,179.757,53665600,-0.004110826098759457,-0.004119298772129651,0.008726921388816488,186.0158,187.55616
2024-02-21,285,AAPL,180.133,181.074,178.866,180.509,41371400,0.004183425402070506,0.004174699206483254,0.00859713640921717,185.3915,187.32442
2024-02-22,286,AAPL,181.658,183.123,180.648,182.539,52292200,0.011245976654903567,0.01118321079664591,0.009191272888926811,184.9023,187.10480000000004
2024-02-23,287,AAPL,183.173,183.202,180.42,180.707,45119700,-0.01003621143974709,-0.010086913734329715,0.00933770212517567,184.3378,186.89858
2024-02-26,288,AAPL,180.43,180.945,178.856,179.361,40867400,-0.00744852164000287,-0.007476400400620449,0.009290878346974745,183.79255,186.63518
2024-02-27,289,AAPL,179.301,182.093,177.777,180.816,54318900,0.008112131399802713,0.008079404930361833,0.00960860014632589,183.35415,186.33661999999995
2024-02-28,290,AAPL,180.697,181.301,178.341,179.618,48953900,-0.006625519865498641,-0.006647566054507486,0.008820534926476116,183.0383,186.01111999999998
2024-02-29,291,AAPL,179.47,180.757,177.747,178.955,136682600,-0.003691166809562385,-0.003697995976011473,0.007806429285359424,182.86925,185.68304
2024-03-01,292,AAPL,177.767,178.737,175.618,177.876,73563100,-0.006029448744097721,-0.006047699267552947,0.007116634327100039,182.52460000000002,185.36662
2024-03-04,293,AAPL,174.401,175.143,172.064,173.361,81510100,-0.0253828509748365,-0.025710552764924486,0.008833164295652588,182.00415,184.93912
2024-03-05,294,AAPL,169.064,170.331,167.936,168.431,95132400,-0.028437768586936918,-0.028849955177541728,0.010002536851941546,181.14675,184.45476000000002
2024-03-06,295,AAPL,169.361,169.539,167.005,167.44,68587700,-0.005883714993083267,-0.00590109223951243,0.009491047562344397,180.1597,183.95354
2024-03-07,296,AAPL,167.47,169.034,166.817,167.322,71765100,-0.0007047300525561129,-0.0007049784915080552,0.009451820209577692,179.1613,183.47132
2024-03-08,297,AAPL,167.322,171.975,167.262,169.034,76267000,0.010231768685528442,0.010179778474117093,0.010090496636621668,178.30239999999998,183.03421999999998
2024-03-11,298,AAPL,171.223,172.648,170.341,171.034,60139500,0.011831939136505154,0.011762489027517198,0.010584700249087269,177.50535,182.63514000000004
2024-03-12,299,AAPL,171.43,172.302,169.312,171.51,59825400,0.002783072371575157,0.0027792067961190338,0.010642322665420454,176.8163,182.23708
2024-03-13,300,AAPL,171.054,171.47,169.064,169.431,52488700,-0.012121742172467975,-0.012195809648914466,0.010675277930769009,176.12775000000002,181.8182
2024-03-14,301,AAPL,171.193,172.579,170.341,171.282,72913500,0.010924801246525062,0.010865556704727447,0.011168823255722953,175.5758,181.57260000000002
2024-03-15,302,AAPL,169.47,170.906,168.599,170.906,121752700,-0.0021952102380868865,-0.0021976232440986876,0.011165342455610894,175.0194,181.34696
2024-03-18,303,AAPL,173.826,175.945,171.797,171.995,75604200,0.006371923747557018,0.0063517088677733265,0.011282591889201934,174.5942,181.18938000000003
2024-03-19,304,AAPL,172.609,174.856,171.312,174.331,55215200,0.013581790168318841,0.013490384362541364,0.011818095079555283,174.32289999999998,181.09296000000003
2024-03-20,305,AAPL,173.975,176.896,173.351,176.896,53423100,0.014713390045373531,0.01460619827907672,0.012307381550134769,174.14225,180.96122
2024-03-21,306,AAPL,175.292,175.727,169.143,169.668,106181300,-0.04086016642547019,-0.041718402867391376,0.014845765424485596,173.4987,180.69322
2024-03-22,307,AAPL,170.054,171.331,168.371,170.569,71160100,0.005310370841879353,0.00529632054222458,0.014889049914238658,172.9918,180.42248
2024-03-25,308,AAPL,168.876,170.232,167.767,169.153,54288300,-0.008301625735039786,-0.008336276132976233,0.01490435482315823,172.48139999999998,180.13528000000002
2024-03-26,309,AAPL,168.312,169.718,167.896,168.025,57388400,-0.006668519033064646,-0.006690852950922575,0.014698858796796183,171.84185,179.81900000000002
2024-03-27,310,AAPL,168.718,171.876,168.421,171.589,60273300,0.021211129296235587,0.02098930457907252,0.015678363121380365,171.4404,179.61928
2024-03-28,311,AAPL,170.044,170.52,168.817,169.777,65672700,-0.010560117490048926,-0.010616271207181754,0.015788384321821634,170.9815,179.40212
2024-04-01,312,AAPL,169.49,169.549,167.797,168.341,46240500,-0.008458153931333312,-0.008494127103336456,0.015826179288472873,170.50475,179.03856
2024-04-02,313,AAPL,167.401,167.658,166.559,167.163,49329500,-0.006997701094801578,-0.007022299828669077,0.014944461156031432,170.19485,178.59349999999998
2024-04-03,314,AAPL,167.114,168.985,166.906,167.965,47691700,0.004797712412435651,0.004786240069607307,0.01360388020112076,170.17155,178.1184
2024-04-04,315,AAPL,168.599,170.213,167.143,167.143,53704400,-0.004893876700503119,-0.004905890928544246,0.01358332352268778,170.1567,177.60136
2024-04-05,316,AAPL,167.906,168.698,167.272,167.896,42104800,0.004505124354594381,0.004495006658141986,0.013619010141827669,170.1854,177.11282
2024-04-08,317,AAPL,167.351,167.52,166.569,166.777,37425500,-0.00666484013913371,-0.006687149366380171,0.013491369099488296,170.07255,176.60842
2024-04-09,318,AAPL,167.025,168.391,166.678,167.985,42373800,0.007243204998291342,0.00721709897402685,0.013306855421857309,169.9201,176.16280000000003
2024-04-10,319,AAPL,167.124,167.411,165.45,166.114,49709300,-0.011137899217192104,-0.011200390061078376,0.013471862889785684,169.6503,175.6934
2024-04-11,320,AAPL,166.668,173.718,166.49,173.302,91070300,0.04327148825505378,0.04236143769417918,0.01652380271645839,169.84385,175.44074
2024-04-12,321,AAPL,172.529,176.589,172.48,174.797,101670900,0.008626559416510027,0.008589563266895002,0.016460922046595182,170.01960000000003,175.28996000000004
2024-04-15,322,AAPL,173.618,174.876,170.787,170.975,73531800,-0.021865363822033523,-0.02210795361860253,0.0172401620691917,170.02305,175.01408
2024-04-16,323,AAPL,170.044,172.034,166.599,167.698,73711200,-0.019166544816493603,-0.019352604284550226,0.017695702176222138,169.8082,174.69263999999998
2024-04-17,324,AAPL,167.926,168.955,166.332,166.332,50901200,-0.008145595057782562,-0.008178951680393311,0.01741055154151545,169.40825,174.3077
2024-04-18,325,AAPL,166.361,166.965,164.896,165.381,43122900,-0.005717480701248112,-0.005733888063104277,0.016959352404750425,168.8325,173.87169999999998
2024-04-19,326,AAPL,164.559,164.747,162.451,163.361,68149400,-0.01221422049691323,-0.012289427108933375,0.014668377198969707,168.51715,173.39311999999998
2024-04-22,327,AAPL,163.876,165.599,163.134,164.193,48116400,0.005093014856667244,0.005080089324544377,0.01466291813405432,168.19834999999998,172.95273999999998
2024-04-23,328,AAPL,163.708,165.391,163.282,165.243,49537800,0.006394913303246597,0.006374552602345448,0.014688291936958212,168.00285000000002,172.51809999999998
2024-04-24,329,AAPL,164.886,167.619,164.559,167.341,48251800,0.012696453102400751,0.012616528933064227,0.014935813327269417,167.96865,172.1591
2024-04-25,330,AAPL,167.846,168.916,166.48,168.203,50558300,0.005151158413060797,0.0051379365822883894,0.014140339406306877,167.79935,171.85912
2024-04-26,331,AAPL,168.193,169.638,167.5,167.619,44838400,-0.003471995148719098,-0.003478036511650783,0.013973376704146272,167.69145,171.56508000000002
2024-04-29,332,AAPL,171.648,174.282,171.381,171.777,68169400,0.02480625704723205,0.024503577209414103,0.014929257425439756,167.86325000000002,171.35994
2024-04-30,333,AAPL,171.609,173.252,168.312,168.638,65934800,-0.018273692054233015,-0.018442718287055005,0.015455422438292668,167.937,171.12271999999996
2024-05-01,334,AAPL,167.896,170.995,167.431,167.619,50383100,-0.006042528967373895,-0.006060858922359065,0.015488725397852097,167.91969999999998,170.87995999999998
2024-05-02,335,AAPL,170.797,171.698,169.193,171.312,94214900,0.022032108531849115,0.02179290863814399,0.016194219705813764,168.12815,170.69601999999998
2024-05-03,336,AAPL,184.796,185.143,180.846,181.559,163224100,0.05981484075838228,0.058094214336076484,0.020821752863558536,168.81130000000002,170.67642
2024-05-06,337,AAPL,180.539,182.371,178.628,179.905,78569700,-0.0091099862854499,-0.009151735963273002,0.020895467366852508,169.4677,170.66038
2024-05-07,338,AAPL,181.628,183.064,179.519,180.589,77305800,0.0038020066146020604,0.0037947972550305994,0.020881512896089967,170.0979,170.68493999999998
2024-05-08,339,AAPL,181.034,181.252,179.648,180.925,45057100,0.0018605784405474335,0.0018588497084430344,0.020591490422451744,170.83845000000002,170.68712000000002
2024-05-09,340,AAPL,180.747,182.826,180.301,182.737,48983000,0.010015199668370833,0.009965379916535146,0.018533819634610045,171.31019999999998,170.7495
2024-05-10,341,AAPL,183.312,183.5,180.566,181.478,50759500,-0.00688968298702497,-0.006913526431815973,0.018602339524509074,171.64425,170.79996000000003
2024-05-13,342,AAPL,183.847,185.493,183.034,184.68,72044800,0.01764401194635168,0.01749016340187772,0.018018971945775786,172.3295,170.93604
2024-05-14,343,AAPL,185.9,186.683,184.69,185.82,52393600,0.006172839506172867,0.006153865574378286,0.017174346474290527,173.2356,171.18522000000002
2024-05-15,344,AAPL,186.296,189.013,185.761,188.091,70400000,0.012221504681950268,0.012147425059167164,0.01693853476146889,174.32355,171.57841999999997
2024-05-16,345,AAPL,188.834,189.459,188.031,188.21,52845200,0.0006326724830001407,0.0006324724301389477,0.016760004252810694,175.46499999999997,171.99382000000003
2024-05-17,346,AAPL,187.882,189.171,187.555,188.239,41282900,0.0001540832049307106,0.00015407133533294453,0.01624899739928831,176.7089,172.41216
2024-05-20,347,AAPL,187.704,190.272,187.387,189.399,44361300,0.006162378678169711,0.006143468869188493,0.016243335881432713,177.9692,172.81946
2024-05-21,348,AAPL,189.449,191.075,189.28,190.698,42309400,0.0068585367398983355,0.006835123967403684,0.0162423240652569,179.24195,173.21273999999997
2024-05-22,349,AAPL,190.619,191.164,188.636,189.261,34648500,-0.007535474939433073,-0.0075640100716114975,0.016517025943373564,180.33795,173.56776000000002
2024-05-23,350,AAPL,189.34,189.36,185.027,185.275,51005900,-0.021060863040985645,-0.021285806965363658,0.01761636034571015,181.19155,173.88464
2024-05-24,351,AAPL,187.198,188.943,186.425,188.348,36327000,0.016586155714478412,0.016450107714916774,0.017680126118217038,182.228,174.22596
2024-05-28,352,AAPL,189.865,191.343,187.476,188.358,52280100,5.3093210440113836e-05,5.309180104550239e-05,0.017152314275887485,183.05705000000003,174.575
2024-05-29,353,AAPL,187.982,190.599,187.882,188.656,53068000,0.0015820936726871349,0.0015808434809324986,0.016302848128716022,184.05795,174.90822
2024-05-30,354,AAPL,189.122,190.53,188.993,189.647,49889100,0.005252947163090438,0.005239198562239877,0.01606685156602379,185.15935000000002,175.21453999999997
2024-05-31,355,AAPL,189.796,190.916,188.279,190.599,75158300,0.00501985267365157,0.0050072952200641944,0.01563535642654707,186.12369999999999,175.48860000000002
2024-06-03,356,AAPL,191.243,193.315,190.867,192.364,50080500,0.009260279434834429,0.009217665920579356,0.009111052418080199,186.66395,175.94252
2024-06-04,357,AAPL,192.968,193.643,191.372,192.681,47471400,0.0016479174897590099,0.0016465611636037646,0.008669430958375232,187.30275,176.38476
2024-06-05,358,AAPL,193.722,195.209,193.196,194.188,54156800,0.007821217452680829,0.007790790280173256,0.008723895383560991,187.9827,176.88546
2024-06-06,359,AAPL,194.009,194.812,192.502,192.81,41181800,-0.007096216038066094,-0.007121513929673386,0.009045789966732139,188.57695,177.38116
2024-06-07,360,AAPL,192.978,195.249,192.473,195.199,53103900,0.01239043618069613,0.012314302963745678,0.009154566656905998,189.20005,177.85335999999998
2024-06-10,361,AAPL,195.209,195.606,190.5,191.461,97010200,-0.0191496882668456,-0.019335418487397085,0.01022390223927935,189.69920000000002,178.28704
2024-06-11,362,AAPL,191.987,205.381,191.967,205.371,172373300,0.0726518716605471,0.0701339670728534,0.018497915562436754,190.73375,179.02764
2024-06-12,363,AAPL,205.589,218.309,205.123,211.24,198134300,0.028577549897502497,0.02817682823822601,0.019206832001040453,192.00475,179.90918000000002
2024-06-13,364,AAPL,212.896,214.889,209.783,212.4,97862700,0.005491384207536365,0.005476361529051272,0.019162091039916646,193.22020000000003,180.79788
2024-06-14,365,AAPL,212.013,213.322,209.485,210.665,70122700,-0.008168549905838152,-0.008202095312736442,0.019397857046000916,194.34295000000003,181.66832000000002
2024-06-17,366,AAPL,211.538,217.07,210.893,214.809,93728300,0.019671041701279313,0.019480067143245922,0.019587550064667537,195.67145,182.60658
2024-06-18,367,AAPL,215.721,216.752,211.171,212.45,79943300,-0.010981848991429621,-0.011042594637472782,0.019988008203832133,196.824,183.52004
2024-06-20,368,AAPL,212.093,212.4,207.056,207.879,86172500,-0.021515650741350867,-0.021750486899727212,0.020905560623178304,197.68305,184.31792
2024-06-21,369,AAPL,208.583,210.07,205.331,205.708,241805100,-0.010443575349121326,-0.010498492168746338,0.021003742099326893,198.5054,185.1098
2024-06-24,370,AAPL,205.936,210.873,204.816,206.352,80727000,0.00313065121434275,0.0031257609296885614,0.020140393922776417,199.55925,185.77079999999998
2024-06-25,371,AAPL,207.354,209.565,206.818,207.275,55549700,0.004472939443281421,0.00446296558024702,0.019973728406421743,200.50560000000002,186.42036
2024-06-26,372,AAPL,209.684,213.015,208.831,211.419,66213200,0.019992763237245192,0.019795532405565145,0.020210915167923362,201.65865,187.22924000000003
2024-06-27,373,AAPL,212.846,213.887,210.526,212.261,49772700,0.0039826127263868916,0.00397470311797245,0.020190538192545092,202.8389,188.12050000000002
2024-06-28,374,AAPL,213.917,214.214,208.494,208.811,82542700,-0.016253574608618537,-0.01638711291264656,0.020801510773525142,203.7971,188.97008000000002
2024-07-01,375,AAPL,210.269,215.642,210.1,214.889,60402900,0.02910766195267489,0.028692079126794858,0.021487222894430495,205.0116,189.96024
2024-07-02,376,AAPL,214.294,218.487,213.253,218.378,58046200,0.016236289433149143,0.016105890456179876,0.021595359788904905,206.3123,191.06058000000002
2024-07-03,377,AAPL,218.111,219.647,217.149,219.647,37369800,0.005811024920092667,0.005794206039947989,0.02156537857605989,207.66060000000002,192.16966
2024-07-05,378,AAPL,219.746,224.505,219.746,224.396,60412400,0.021621055602853545,0.02139063594162919,0.021819498068331663,209.171,193.35272
2024-07-08,379,AAPL,225.14,225.893,221.333,225.863,59085900,0.006537549688942823,0.006516272594006701,0.021551584998966186,210.82365,194.52316
2024-07-09,380,AAPL,225.973,227.43,224.426,226.716,48076100,0.0037766256536042597,0.0037695121074491304,0.021548623373374154,212.3995,195.69342
2024-07-10,381,AAPL,227.331,231.078,227.281,230.979,62627700,0.018803260466839555,0.01862866441922136,0.02071205497616678,214.37539999999998,196.96061999999998
2024-07-11,382,AAPL,229.403,230.394,223.831,225.616,64710600,-0.023218560994722415,-0.023492358203528237,0.0158903504899841,215.38765000000004,198.0374
2024-07-12,383,AAPL,226.954,230.642,226.716,228.56,53046500,0.013048719948939747,0.012964318827643284,0.015024809542281088,216.25365000000002,199.23584000000002
2024-07-15,384,AAPL,234.449,235.193,231.088,232.387,62631300,0.016743962198109807,0.016605327452782297,0.015289774055730255,217.253,200.53119999999998
2024-07-16,385,AAPL,232.982,234.241,230.335,232.803,43234300,0.0017901173473560128,0.001788516996889478,0.015011074002052914,218.3599,201.76102
2024-07-17,386,AAPL,227.479,229.472,224.694,226.914,57345900,-0.02529606577234833,-0.02562151129988201,0.016047996749440983,218.96515,202.66812
2024-07-18,387,AAPL,228.302,228.461,220.361,222.255,66034600,-0.020532007720986734,-0.020745719743499823,0.016613872058062213,219.4554,203.51512000000002
2024-07-19,388,AAPL,222.889,224.852,221.362,222.384,49151500,0.0005804143888776814,0.0005802460135947476,0.015647071513148016,220.18065,204.35102000000003
2024-07-22,389,AAPL,225.06,225.824,221.174,222.037,48201800,-0.0015603640549678444,-0.0015615826908018703,0.01535393069887795,220.9971,205.17325999999997
2024-07-23,390,AAPL,222.443,224.991,220.768,223.078,39960300,0.004688407787891258,0.004677451435982609,0.015353566688992033,221.83340000000004,205.98008000000002
2024-07-24,391,AAPL,222.076,222.869,215.265,216.663,61777600,-0.028756757725997173,-0.02917833508612964,0.017010190517163216,222.3028,206.68377999999996
2024-07-25,392,AAPL,217.05,218.953,212.777,215.622,51391200,-0.004804696694867161,-0.004816276356094507,0.01655456318658069,222.51295,207.30262000000002
2024-07-26,393,AAPL,216.822,217.605,214.155,216.088,41601300,0.0021611894890130046,0.002158857478349491,0.016542965030193264,222.70429999999996,207.90797999999998
2024-07-29,394,AAPL,215.097,217.417,213.897,216.366,36311800,0.0012865129021510935,0.0012856860535190378,0.016035960060470755,223.08204999999998,208.47348000000002
2024-07-30,395,AAPL,217.308,218.438,214.264,216.921,41643800,0.0025650980283407065,0.0025618137794745158,0.014709311388746807,223.18365,209.0477
2024-07-31,396,AAPL,219.538,221.898,218.735,220.173,50036300,0.014991632898612828,0.014880369010130703,0.014642038576109542,223.27339999999998,209.68637999999999
2024-08-01,397,AAPL,222.443,222.552,215.156,216.485,62501000,-0.016750464407534027,-0.016892339989204867,0.015074991578056099,223.11530000000002,210.2281
2024-08-02,398,AAPL,217.268,223.663,215.84,217.972,105568600,0.00686883617802625,0.006845353195318563,0.014269032228773331,222.79410000000001,210.77358
2024-08-05,399,AAPL,197.38,211.666,194.317,207.473,119548600,-0.048166737012093286,-0.0493654034505253,0.017544000064603056,221.87460000000002,211.13782
2024-08-06,400,AAPL,203.537,208.187,199.343,205.45,69660500,-0.009750666351766357,-0.00979851539300227,0.017485456600606488,220.8113,211.54132
2024-08-07,401,AAPL,205.123,211.805,204.618,208.018,63516400,0.012499391579459784,0.012421919089201086,0.017090605122231078,219.66325,211.93472000000003
2024-08-08,402,AAPL,211.28,212.36,207.037,211.478,47161100,0.016633175975156123,0.016496359744841177,0.01718748232979725,218.95635,212.39712
2024-08-09,403,AAPL,210.278,214.918,210.15,214.383,42201600,0.01373665345804298,0.013643160844708957,0.01722212930667359,218.2475,212.91165999999998
2024-08-12,404,AAPL,214.462,217.877,213.996,215.911,38028100,0.00712743081307754,0.007102150728373293,0.01676857760260648,217.4237,213.43694
2024-08-13,405,AAPL,217.38,220.239,217.38,219.624,44155300,0.017196900574773855,0.017050707544643724,0.017369192291698424,216.76475,214.01744
2024-08-14,406,AAPL,218.929,221.371,218.065,220.07,41960600,0.0020307434524460266,0.0020286842802569012,0.01655938533308477,216.42255,214.57156000000003
2024-08-15,407,AAPL,222.929,223.673,221.103,223.048,46414000,0.013532057981551437,0.013441317373212894,0.016236433969175953,216.4622,215.1789
2024-08-16,408,AAPL,222.254,225.142,221.986,224.368,44340200,0.005918008679746123,0.0059005660496386295,0.016284986329111618,216.5614,215.7825
2024-08-19,409,AAPL,224.041,224.309,221.38,224.209,40687800,-0.000708657206018648,-0.0007089084222275984,0.016280228742250488,216.67000000000002,216.41048000000004
2024-08-20,410,AAPL,224.09,225.48,223.773,224.825,30299000,0.0027474365435820047,0.0027436692385117162,0.016260441179627824,216.75735,217.003
2024-08-21,411,AAPL,224.835,226.284,223.376,224.715,34765500,-0.0004892694317801816,-0.000489389163124136,0.014739306266366886,217.15995000000004,217.66808
2024-08-22,412,AAPL,226.095,226.641,222.234,222.859,43695300,-0.008259350733150872,-0.008293648150574194,0.014842283699274495,217.52179999999998,218.01784
2024-08-23,413,AAPL,223.981,226.522,222.661,225.152,38677300,0.01028901682229555,0.010236445188157393,0.014964658127538295,217.975,218.29608
2024-08-26,414,AAPL,225.073,225.589,222.224,225.49,30602200,0.0015012080727687671,0.0015000823863820633,0.014964071864124621,218.43120000000005,218.55788
2024-08-27,415,AAPL,224.318,227.147,223.217,226.333,35934600,0.0037385249900216966,0.0037315540740316265,0.014967979182386468,218.9018,218.87124
2024-08-28,416,AAPL,226.224,228.15,224.001,224.805,38052200,-0.006751114508268707,-0.00677400637038266,0.01478106562080137,219.13340000000002,219.07116000000002
2024-08-29,417,AAPL,228.388,231.187,227.177,228.08,51906300,0.014568181312693218,0.014463084839347433,0.014440211263606648,219.71314999999998,219.38376
2024-08-30,418,AAPL,228.477,228.686,225.787,227.296,52990800,-0.0034373903893372137,-0.0034433117890172327,0.014467971092515004,220.17934999999997,219.7721
2024-09-03,419,AAPL,226.85,227.296,219.524,221.113,50190600,-0.027202414472757952,-0.027579249756001654,0.010961495766725176,220.86135,220.0802
2024-09-04,420,AAPL,220.011,220.13,215.862,219.207,43840200,-0.008620026864092134,-0.008657394188857085,0.010893645551062613,221.5492,220.33730000000003
2024-09-05,421,AAPL,219.981,223.802,219.872,220.725,36615400,0.006924961337913427,0.006901093917105412,0.010715814026289934,222.18455,220.60629999999998
2024-09-06,422,AAPL,222.284,223.564,218.135,219.177,48423000,-0.007013251783894003,-0.007037960226308514,0.010436057261510557,222.5695,220.76146
2024-09-09,423,AAPL,219.177,219.624,215.098,219.266,67180000,0.0004060645049435152,0.0004059820830640726,0.01005509724874459,222.81365,220.90156
2024-09-10,424,AAPL,217.291,219.832,215.117,218.472,51591000,-0.003621172457198063,-0.0036277447733043177,0.010007336351789799,222.9417,221.09478
2024-09-11,425,AAPL,219.812,221.43,216.269,221.003,44587100,0.011585008605221603,0.011518416215153954,0.009588503596364421,223.01065000000003,221.21706000000003
2024-09-12,426,AAPL,220.845,221.887,218.184,221.113,37455600,0.0004977308000344571,0.000497606973146406,0.009580543014732403,223.06279999999998,221.27176
2024-09-13,427,AAPL,221.916,222.373,220.259,220.844,36766600,-0.0012165725217423429,-0.0012173131468363684,0.009060335930558749,222.9526,221.2957
2024-09-16,428,AAPL,214.929,215.604,212.328,214.71,59357400,-0.027775262176015558,-0.02816828949394555,0.010781510905677479,222.46969999999996,221.10198
2024-09-17,429,AAPL,214.145,215.286,212.904,215.177,45519300,0.0021750267803082313,0.0021726648338052552,0.010820895928207253,222.0181,220.88826
2024-09-18,430,AAPL,215.931,221.053,215.921,219.048,59894900,0.017989840921659894,0.01782993863026475,0.01167568521107632,221.72925,220.7349
2024-09-19,431,AAPL,223.316,228.11,222.959,227.167,66781300,0.037064935539242505,0.03639454593614582,0.01448404284499782,221.85185,220.65866000000003
2024-09-20,432,AAPL,228.259,231.356,225.926,226.502,318679900,-0.0029273618087133357,-0.0029316549126522933,0.014360114968590985,222.03400000000002,220.67638
2024-09-23,433,AAPL,225.648,227.743,224.13,224.785,54146000,-0.007580507015390703,-0.007609385091568287,0.014301562093403532,222.01565,220.60088
2024-09-24,434,AAPL,226.949,227.644,224.05,225.678,43556100,0.003972685010120713,0.003964814734224615,0.014325733838597551,222.02504999999996,220.46670000000003
2024-09-25,435,AAPL,223.256,225.599,222.353,224.686,42308700,-0.004395643350260103,-0.004405332594558104,0.014333624079840157,221.9427,220.30435999999997
2024-09-26,436,AAPL,225.609,226.8,223.733,225.827,36636700,0.005078198018568125,0.005065347457777522,0.014296029695909018,221.99379999999996,220.28261999999998
2024-09-27,437,AAPL,226.76,227.812,225.609,226.095,34026000,0.0011867491486845516,0.0011860455185468918,0.013901983970257744,221.89454999999998,220.35942
2024-09-30,438,AAPL,228.328,231.266,227.941,231.266,54541900,0.022870917092372656,0.022613298257659956,0.014809082718960562,222.09305000000003,220.53706
2024-10-01,439,AAPL,227.812,227.941,222.075,224.527,63285000,-0.029139605475945518,-0.029572595976901418,0.015008042474590155,222.26375,220.58686
2024-10-02,440,AAPL,224.209,225.678,221.361,225.093,32880600,0.002520854952856366,0.002517682927701564,0.014842992888737675,222.55805,220.62716
2024-10-03,441,AAPL,223.465,225.122,221.658,223.991,34044200,-0.0048957541993752685,-0.004907777662631557,0.014848024272568225,222.72135000000003,220.77372000000003
2024-10-04,442,AAPL,226.204,226.304,222.462,225.112,37245100,0.005004665366019179,0.004992183655507268,0.01475641270510775,223.0181,220.96352
2024-10-07,443,AAPL,222.83,224.011,219.683,220.041,39505400,-0.022526564554532835,-0.02278416350675815,0.015701686721533586,223.05685,221.04258
2024-10-08,444,AAPL,222.631,224.299,221.589,224.09,31855700,0.018401116155625674,0.018233864249879456,0.016177685130942202,223.33775,221.19706
2024-10-09,445,AAPL,223.554,228.041,223.157,227.832,33591100,0.016698647864697103,0.016560758372547665,0.016386283103140213,223.67919999999998,221.41528
2024-10-10,446,AAPL,226.085,227.792,225.48,227.336,28183500,-0.0021770427332419295,-0.002179415935774268,0.01640708626048824,223.99035000000003,221.55854000000002
2024-10-11,447,AAPL,227.594,227.703,225.648,225.857,31759200,-0.0065057887884013565,-0.0065270436689429945,0.01649584540216515,224.24100000000004,221.74598000000003
2024-10-14,448,AAPL,226.998,230.006,226.899,229.579,39882100,0.01647945381369631,0.016345141204854332,0.015323724860740177,224.98445,221.97812000000002
2024-10-15,449,AAPL,231.872,235.723,230.641,232.11,64751400,0.011024527504693404,0.01096420038172879,0.015412035031099976,225.83109999999996,222.47086
2024-10-16,450,AAPL,229.877,230.393,228.13,230.055,34082200,-0.008853560811684091,-0.008892986458619927,0.015289443125747653,226.38145,222.96295999999998
2024-10-17,451,AAPL,231.693,232.11,228.805,230.423,32993800,0.001599617482775928,0.001598339457449908,0.012956149914850749,226.54424999999998,223.41106
2024-10-18,452,AAPL,234.423,234.423,232.269,233.251,46431500,0.012273080378260914,0.012198376735405182,0.013170561584501429,226.8817,223.84652000000003
2024-10-21,453,AAPL,232.706,235.088,232.706,234.72,36254500,0.0062979365576139035,0.006278187430963791,0.013028927963989169,227.37845000000002,224.25326
2024-10-22,454,AAPL,232.15,234.462,230.869,234.105,38846600,-0.002620143149284271,-0.0026235817320449857,0.013066283085566994,227.7998,224.61714
2024-10-23,455,AAPL,232.338,233.39,226.065,229.043,52287000,-0.021622776104739283,-0.021859973809751996,0.014036097476918759,228.01765,224.80552000000003
2024-10-24,456,AAPL,228.269,229.103,226.71,228.854,31109500,-0.0008251725658500186,-0.0008255132081370727,0.014009079429163174,228.169,224.9812
2024-10-25,457,AAPL,228.031,231.485,227.862,229.688,38802300,0.003644244802363028,0.0036376206307972376,0.01402379328617305,228.34865,225.114
2024-10-28,458,AAPL,231.584,232.983,230.82,231.663,36087100,0.00859862073769646,0.00856186315776468,0.013183981456262686,228.36849999999998,225.25990000000002
2024-10-29,459,AAPL,231.366,232.586,230.591,231.931,35417200,0.00115685284227518,0.0011561842036538167,0.011235818521228375,228.73870000000002,225.41433999999998
2024-10-30,460,AAPL,230.879,231.733,227.842,228.388,47070900,-0.015276095045509197,-0.01539397663989424,0.011853766621335858,228.90344999999996,225.4856
2024-10-31,461,AAPL,227.634,228.12,223.693,224.229,64370100,-0.018210238716570015,-0.01837808592811536,0.012543906857609016,228.91535,225.47588
2024-11-01,462,AAPL,219.326,223.673,218.631,221.251,65276700,-0.01328106533945217,-0.013370047417107523,0.01283282731684237,228.7223,225.44371999999998
2024-11-04,463,AAPL,219.346,221.132,218.075,220.358,44944500,-0.004036139949649908,-0.00404430714586857,0.011809390102119665,228.73815000000005,225.34784
2024-11-05,464,AAPL,220.15,222.284,219.495,221.787,28111300,0.006484901841548707,0.006463965330999185,0.011119971079130653,228.623,225.27378000000002
2024-11-06,465,AAPL,220.954,224.388,219.544,221.063,54561100,-0.0032643933143061687,-0.003269733070036746,0.010369591655254527,228.28455,225.16837999999998
2024-11-07,466,AAPL,222.959,226.184,222.899,225.787,42137700,0.021369473860392896,0.02114434821772237,0.011552590426234986,228.2071,225.18802
2024-11-08,467,AAPL,225.728,227.208,224.973,225.519,38328800,-0.0011869593909303866,-0.0011876643851498005,0.011462557964481056,228.1902,225.1368
2024-11-11,468,AAPL,223.572,224.267,220.094,222.806,42005600,-0.012030028512010071,-0.012102974926932259,0.011069677792227419,227.85155,225.047
2024-11-12,469,AAPL,223.124,224.158,221.942,222.806,40398300,0.0,0.0,0.010684215514166559,227.38635000000005,225.08086
2024-11-13,470,AAPL,222.588,225.211,221.346,223.691,48566200,0.003972065384235668,0.0039641975599872025,0.010635309607441627,227.06815,225.17054
2024-11-14,471,AAPL,223.591,227.417,223.572,226.771,44923900,0.01376899383524588,0.013675062484291383,0.011148547613721742,226.88555000000002,225.29146
2024-11-15,472,AAPL,224.963,225.479,222.846,223.572,47923700,-0.014106742043735632,-0.014207187890631566,0.011088357230528435,226.4016,225.37936
2024-11-18,473,AAPL,223.82,228.282,223.741,226.572,44633700,0.013418496054962148,0.013329265378178324,0.01147824380640137,225.9942,225.52548
2024-11-19,474,AAPL,225.539,228.699,225.221,226.831,36211800,0.001143124481401081,0.001142471612104309,0.011493241655776166,225.63050000000004,225.69266
2024-11-20,475,AAPL,226.612,228.47,224.456,227.546,35169600,0.003152126473012995,0.003147168937482776,0.010504446603177888,225.55564999999996,225.82352
2024-11-21,476,AAPL,227.427,228.699,224.277,227.069,42108300,-0.0020962794336090163,-0.0020984797027980276,0.01051179073597812,225.46640000000002,225.94263999999998
2024-11-22,477,AAPL,226.612,229.255,226.612,228.411,38168300,0.005910097811678394,0.0058927016918018495,0.010569034232822789,225.40255000000002,226.09398000000002
2024-11-25,478,AAPL,229.991,231.769,228.281,231.392,90152800,0.013051035195327687,0.012966604249555078,0.010808857740832246,225.38899999999998,226.42762
2024-11-26,479,AAPL,231.849,234.074,231.849,233.568,45986200,0.009403955192919478,0.009360013276680554,0.01101086104571688,225.47085,226.79544
2024-11-27,480,AAPL,232.981,234.194,232.326,233.439,33498400,-0.0005523016851624041,-0.0005524542599189039,0.010381144928256172,225.7234,227.08325999999997
2024-11-29,481,AAPL,233.319,236.3,232.485,235.823,28481400,0.010212518045399577,0.010160722625603106,0.009500051036560929,226.3031,227.25637999999998
2024-12-02,482,AAPL,235.764,239.261,235.654,238.069,48137100,0.00952409222170858,0.009479023985442307,0.008843733617154877,227.144,227.48772
2024-12-03,483,AAPL,238.288,241.219,237.383,241.11,38861000,0.012773607651563212,0.01269271327238846,0.008867869085277556,228.18159999999997,227.81421999999998
2024-12-04,484,AAPL,241.328,242.56,239.718,241.467,44383900,0.0014806519845713684,0.001479556900247574,0.008880913111168209,229.16559999999998,228.13
2024-12-05,485,AAPL,242.441,242.988,240.593,241.497,40033900,0.00012424057945814582,0.00012423286223654188,0.008760568501558019,230.1873,228.46622
2024-12-06,486,AAPL,241.368,243.077,240.543,241.298,36870600,-0.0008240267995047734,-0.0008243664962135391,0.007866852626695715,230.96284999999997,228.77564
2024-12-09,487,AAPL,240.295,245.67,240.215,245.184,44649200,0.016104567795837577,0.015976264919176596,0.008280495191693308,231.94609999999997,229.15741999999997
2024-12-10,488,AAPL,245.323,246.634,243.782,246.197,36914800,0.004131590968415644,0.00412307938265696,0.007347040597578175,233.11565000000002,229.45604
2024-12-11,489,AAPL,246.386,249.208,244.697,244.925,45205800,-0.005166594231448718,-0.005179987230134609,0.007618992283511758,234.2216,229.864
2024-12-12,490,AAPL,245.323,247.161,244.12,246.386,32777500,0.005965091354496188,0.005947370632626437,0.007621022637099092,235.35634999999996,230.28985999999998
2024-12-13,491,AAPL,246.247,247.707,244.677,246.555,33155300,0.0006859155958536256,0.0006856804632659038,0.0073745641425069595,236.34555,230.74113999999997
2024-12-16,492,AAPL,246.416,249.784,246.078,249.446,51694800,0.01172557847133504,0.011657366574270803,0.006158289247972177,237.63925,231.22781999999998
2024-12-17,493,AAPL,248.492,252.219,248.194,251.871,51356400,0.009721542939153283,0.009674592780675385,0.0059606754919997946,238.9042,231.86442000000002
2024-12-18,494,AAPL,250.559,252.666,246.167,246.475,56774100,-0.021423665288977323,-0.021656483220439456,0.008421579149449914,239.8864,232.31212000000002
2024-12-19,495,AAPL,245.929,250.4,245.521,248.204,60882300,0.007014910234303784,0.006990420214995276,0.008440671334936515,240.91930000000002,232.71956000000003
2024-12-20,496,AAPL,246.465,253.381,244.13,252.874,147495300,0.018815168168119678,0.018640352281004424,0.008878931112729808,242.20954999999998,233.23032
2024-12-23,497,AAPL,253.153,254.027,251.841,253.649,40858800,0.003064767433583526,0.003060080607452245,0.008893682438824229,243.47145,233.78616
2024-12-24,498,AAPL,253.868,256.571,253.669,256.561,23234700,0.011480431620073395,0.011415031536475731,0.008828255245921804,244.7299,234.3258
2024-12-26,499,AAPL,256.551,258.449,255.994,257.376,27237100,0.0031766324577779947,0.0031715976206256906,0.008782364819842662,245.9203,234.83112
2024-12-27,500,AAPL,256.193,257.058,251.453,253.967,42355300,-0.013245213228894603,-0.013333713403462285,0.009616264848807538,246.94670000000002,235.30936000000003
2024-12-30,501,AAPL,250.629,251.891,249.158,250.599,35557500,-0.013261565478979609,-0.013350285287174834,0.010263200691672922,247.6855,235.71288
2024-12-31,502,AAPL,250.837,251.672,247.846,248.83,39480700,-0.0070590864289161726,-0.007084119656898306,0.010385468367140256,248.22355,236.02446
