date,id,ticker,open,high,low,close,volume,returns,log_returns,volatility,MA20,MA50,rolling_energy,rolling_entropy,rolling_frequency,anomaly
2023-04-13,70,AAPL,159.175,163.282,158.968,163.046,68445600,0.0341096481213689,0.0335408131346804,0.0130986554751028,158.4174,152.44276,0.0229085549250044,2.1068948920342816,0.1,1
2023-04-14,71,AAPL,162.09,163.794,161.332,162.701,49386500,-0.0021159672730395,-0.0021182090947623,0.0126931570257061,158.8783,152.83672,0.03134896250528077,2.0824410269302147,0.1,1
2023-04-17,72,AAPL,162.583,162.878,161.539,162.721,41516200,0.0001229248744629,0.0001229173198196,0.0125583096469339,159.38205,153.12508,0.028104500885314847,2.076390416589899,0.30000000000000004,1
2023-04-18,73,AAPL,163.577,164.867,163.134,163.942,49923000,0.0075036412018116,0.0074756289282611,0.0122737355853148,159.82869999999997,153.36548,0.027047084066154733,2.063497604135179,0.30000000000000004,1
2023-04-19,74,AAPL,163.282,165.606,163.026,165.084,47720200,0.0069658781764281,0.0069417285311743,0.0121296542053518,160.23985,153.6832,0.025063258100055,2.074684138317975,0.30000000000000004,1
2023-04-20,75,AAPL,163.567,165.32,163.046,164.119,52456400,-0.0058455089530178,-0.0058626608140443,0.0119848266098294,160.67415,153.9242,0.02480311434809499,2.073004348859439,0.30000000000000004,1
2023-04-21,76,AAPL,162.543,163.922,161.992,162.514,58337300,-0.0097794892730274,-0.0098276225478978,0.0122594942318625,160.97404999999998,154.18678,0.024392899265126375,2.084957543371081,0.30000000000000004,1
2023-04-24,77,AAPL,162.494,163.085,161.401,162.819,41949600,0.0018767613867112,0.0018750024704268,0.0121680931479258,161.2242,154.47611999999998,0.0267928736644549,2.045723565017896,0.1,1
2023-04-25,78,AAPL,162.681,163.784,161.243,161.283,48714100,-0.0094337884399241,-0.0094785684748635,0.0120116910772932,161.49454999999998,154.72744,0.025966208588525254,2.005674558037492,0.1,1
2023-04-26,79,AAPL,160.584,162.77,160.327,161.273,45498800,-6.200281492774184e-05,-6.200473718172851e-05,0.0119447307855916,161.7954,154.92264,0.025055426204294615,2.0059111502357334,0.1,1
2023-04-27,80,AAPL,162.681,166.0,162.681,165.852,64902300,0.0283928493920246,0.0279972432465917,0.0127483388483528,162.17159999999998,155.22222,0.025011861881271198,2.007176270341936,0.1,1
2023-04-28,81,AAPL,165.931,167.27,165.33,167.103,55275900,0.0075428695463426,0.0075145643516637,0.0126863898931592,162.53204999999997,155.50486,0.02818779899157507,2.042833325258187,0.1,1
2023-05-01,82,AAPL,166.709,167.861,166.079,167.014,52472900,-0.0005326056384385,-0.0005327475232029,0.0122992602868177,162.76295,155.81762,0.027713413624465045,2.040077232206872,0.1,1
2023-05-02,83,AAPL,167.507,167.763,164.995,165.98,48425700,-0.0061910977522843,-0.0062103420680487,0.0123214524255159,162.87965,156.13255999999998,0.02696973114724882,1.9884562926615654,0.30000000000000004,1
2023-05-03,84,AAPL,166.926,168.324,164.621,164.907,65136000,-0.0064646342932882,-0.0064856205360444,0.0123976023286847,162.96925000000002,156.5062,0.026150329022221683,2.0341343673473364,0.1,1
2023-05-04,85,AAPL,162.386,164.503,161.815,163.272,81235400,-0.0099146791828121,-0.009964156923388,0.0123315759368012,163.0692,156.83868,0.026739186839659188,2.0564184444952405,0.1,1
2023-05-05,86,AAPL,168.383,171.653,168.167,170.934,113453200,0.0469278259591356,0.0458599953758819,0.0160894130854865,163.50795,157.31474,0.0265247408021049,2.0573157735228236,0.1,-1
2023-05-08,87,AAPL,169.86,171.21,169.496,170.865,55962800,-0.000403664572291,-0.0004037460667661,0.0155013458576403,164.07274999999998,157.8424,0.043107112872149814,2.0940317534589976,0.30000000000000004,1
2023-05-09,88,AAPL,170.422,170.904,168.994,169.161,45326900,-0.0099727855324379,-0.0100228468701532,0.0156002425528705,164.61290000000002,158.31216,0.04117268165153526,2.0848773102194538,0.30000000000000004,1
2023-05-10,89,AAPL,170.392,171.387,169.289,170.924,53724500,0.0104220239889809,0.0103680891136778,0.0155625251949221,165.2757,158.82722,0.0419799447873549,2.0724800368152314,0.30000000000000004,1
2023-05-11,90,AAPL,171.21,171.938,169.555,171.111,49514700,0.0010940534974608,0.0010934554570855,0.013878035893593,165.67895,159.38738,0.04301157370695274,2.049858286937621,0.30000000000000004,1
2023-05-12,91,AAPL,171.22,171.654,168.636,170.184,45533100,-0.0054175359854129,-0.0054322640507899,0.0139553361038364,166.05310000000003,159.91718,0.03560350275425845,2.0993295730632817,0.15000000000000002,1
2023-05-15,92,AAPL,170.766,170.815,169.099,169.691,37266700,-0.0028968645701122,-0.0029010686032538,0.0139968783244168,166.4016,160.33628000000002,0.03585989668723748,2.0903096264029437,0.15000000000000002,1
2023-05-16,93,AAPL,169.612,170.746,169.425,169.691,42110300,0.0,0.0,0.0139474464330568,166.68905,160.70022,0.03622033895149755,2.098529067264403,0.15000000000000002,1
2023-05-17,94,AAPL,169.336,170.539,168.064,170.302,57951600,0.0036006623804443,0.0035941955143407,0.0139022666602548,166.94995,161.1203,0.03559364654780142,2.1223619165279923,0.35000000000000003,1
2023-05-18,95,AAPL,170.608,172.817,170.194,172.63,65496700,0.0136698335897404,0.0135772442475652,0.0140329519955084,167.37550000000002,161.56194,0.035524896054592456,2.129165604179252,0.35000000000000003,1
2023-05-19,96,AAPL,173.951,173.951,172.521,172.738,55809500,0.0006256154781902,0.0006254198624096,0.0137387426590443,167.8867,162.05064000000002,0.036982957014560044,2.038828609554402,0.35000000000000003,1
2023-05-22,97,AAPL,171.575,172.295,171.052,171.792,43570900,-0.0054765019856661,-0.0054915529990875,0.0138721587190965,168.33535,162.56158,0.035070350075843124,2.0507300869272402,0.2,1
2023-05-23,98,AAPL,170.736,170.983,168.912,169.188,50747300,-0.01515786532551,-0.0152739200205554,0.0141926580974044,168.7306,162.98164,0.0354504340756526,2.044208363674458,0.2,1
2023-05-24,99,AAPL,168.725,170.036,168.163,169.464,45143500,0.00163132137031,0.0016299922109311,0.0141816839486629,169.14015,163.36546,0.037413066160705465,2.02059499356782,0.2,1
2023-05-25,100,AAPL,170.026,171.496,169.316,170.598,56058300,0.0066916867299249,0.0066693967772789,0.0128719928728646,169.37745,163.76409999999998,0.037422652698335584,2.024180754629949,0.2,1
2023-05-26,101,AAPL,170.924,173.34,170.717,173.005,54835000,0.0141091923703675,0.0140105841548013,0.0131159634297099,169.67255,164.15453999999997,0.03131781136543457,2.1409599160174846,0.2,1
2023-05-30,102,AAPL,174.513,176.515,174.129,174.849,55964400,0.0106586514840611,0.010602248490919,0.0132484933103656,170.0643,164.5986,0.032619448012027916,2.1255271191257328,0.2,1
2023-05-31,103,AAPL,174.878,176.87,174.316,174.799,99625300,-0.0002859610292308,-0.0002860019238823,0.0131126039557353,170.50525,164.99439999999998,0.03309215578980115,2.12054717753008,0.2,1
2023-06-01,104,AAPL,175.243,177.63,174.484,177.6,68901800,0.0160241191311163,0.0158970881767972,0.013251375744143,171.13989999999998,165.40918000000002,0.03252801736212869,2.134524638224762,0.2,1
2023-06-02,105,AAPL,178.527,179.267,176.782,178.448,61996900,0.0047747747747748,0.0047634116941114,0.0128525096636489,171.8987,165.86948,0.03259308639635744,2.1721339453168294,0.45,1
2023-06-05,106,AAPL,180.105,182.393,175.579,177.097,121946500,-0.0075708329597418,-0.0075996371890265,0.0083948721113631,172.20685,166.2811,0.031083648710407256,2.1746164562548667,0.2,1
2023-06-06,107,AAPL,177.482,177.63,174.977,176.732,64848400,-0.0020610174085389,-0.0020631442276947,0.008425954670142,172.5002,166.65941999999998,0.012942222847902137,2.0559363765326912,0.2,1
2023-06-07,108,AAPL,175.973,178.705,174.868,175.362,61944600,-0.0077518502591494,-0.0077820520313579,0.0082770186589149,172.81025,167.04914,0.013089787631031916,2.0650835035455795,0.2,1
2023-06-08,109,AAPL,175.44,178.34,175.007,178.074,50214900,0.0154651520854005,0.0153467854331482,0.008622041662162,173.16775,167.50550000000004,0.012677448402159196,2.077169704537554,0.2,1
2023-06-09,110,AAPL,178.991,179.711,178.133,178.458,48900000,0.0021564068870243,0.0021540851787924,0.0086188786390188,173.5351,167.9081,0.01364117189135503,2.0912585442776876,0.2,1
2023-06-12,111,AAPL,178.764,181.348,178.468,181.249,54274900,0.0156395342321442,0.0155184970621419,0.0089277526068,174.08835,168.33519999999996,0.013663276808745519,2.083341285769875,0.2,1
2023-06-13,112,AAPL,180.273,181.604,179.918,180.776,54929100,-0.0026096695705906,-0.0026130806941203,0.008917668345268,174.6426,168.70280000000002,0.013838985355691391,2.0380240772844114,0.2,1
2023-06-14,113,AAPL,180.835,181.841,179.504,181.407,57462900,0.003490507589503,0.0034844299065796,0.0088857072295096,175.22840000000002,169.05802,0.01381942393150403,2.0381533518596835,0.2,1
2023-06-15,114,AAPL,181.417,183.941,181.239,183.438,65433200,0.0111958193454495,0.0111336100520771,0.0090562454179387,175.8852,169.46448,0.01352790341255057,2.0349090618974826,0.1,1
2023-06-16,115,AAPL,184.148,184.405,181.722,182.363,101256200,-0.0058602906704171,-0.005877529556705,0.0089842168263432,176.37185,169.88628,0.014492760347468,1.9606433443653677,0.1,1
2023-06-20,116,AAPL,181.86,183.527,181.86,182.452,49799100,0.0004880375953455,0.0004879185437311,0.0089860092479198,176.85755,170.29214,0.014967110304667323,2.090942830461067,0.1,1
2023-06-21,117,AAPL,182.344,182.847,180.066,181.417,49515700,-0.0056727248810646,-0.0056888758939832,0.008995597555674,177.33880000000002,170.7291,0.014969483530474254,2.090687568557727,0.1,1
2023-06-22,118,AAPL,181.2,184.464,181.131,184.415,51245300,0.0165254634350693,0.0163904038807982,0.0084456469240352,178.10015,171.25023999999996,0.015007580101309512,2.0901120581736747,0.1,1
2023-06-23,119,AAPL,182.985,184.967,182.452,184.099,53117000,-0.0017135265569503,-0.0017149963228095,0.0085350011417932,178.83190000000002,171.77885999999998,0.013542024837205303,2.1152926701219465,0.45,1
2023-06-26,120,AAPL,184.247,185.45,182.669,182.709,48088700,-0.0075502854442446,-0.0075789331393352,0.008901097230253,179.43744999999998,172.17212,0.013809405895582008,2.104630969691216,0.45,1
2023-06-27,121,AAPL,183.32,185.785,183.103,185.46,50730800,0.0150567295535524,0.0149445021176624,0.0089629976847299,180.0602,172.6273,0.015033641246389865,2.101988798220858,0.4,1
2023-06-28,122,AAPL,185.332,187.275,185.006,186.634,51216800,0.0063302059743339,0.0063102543747184,0.0088328660971958,180.64945,173.10555999999997,0.015237305268547767,2.103708576070133,0.4,1
2023-06-29,123,AAPL,186.466,187.442,186.328,186.969,46347300,0.0017949569746134,0.0017933479644579,0.0088005555559303,181.25795,173.5661,0.01475647859708168,2.0877631753298056,0.4,1
2023-06-30,124,AAPL,188.981,191.791,188.616,191.288,85213200,0.0231000861105317,0.022837318069044,0.0094525410657792,181.94235,174.09018,0.014621932028447939,2.1015778299528565,0.4,1
2023-07-03,125,AAPL,191.101,191.2,189.109,189.799,31458200,-0.0077840742754381,-0.0078145283222516,0.0097927047918653,182.5099,174.60378,0.016954816477569523,2.1362675752518134,0.4,1
2023-07-05,126,AAPL,188.921,190.312,187.985,188.685,46920300,-0.0058693670672659,-0.0058866594991036,0.0097017866807126,183.0893,175.1272,0.018202693073529744,2.07305730853189,0.4,1
2023-07-06,127,AAPL,187.215,189.365,186.584,189.158,45094300,0.0025068235418819,0.0025036867009909,0.009624416617049,183.7106,175.65398000000002,0.017854351572764323,2.0690490518643605,0.4,1
2023-07-07,128,AAPL,188.764,190.006,187.61,188.044,46815000,-0.0058892566003022,-0.0059066666604812,0.009518781631665,184.3447,176.18920000000003,0.017594805603385742,2.0753900088422643,0.4,1
2023-07-10,129,AAPL,186.643,187.363,184.454,186.002,59922200,-0.0108591606219821,-0.0109185516558913,0.0096026760641348,184.7411,176.68378,0.017203095905569718,2.0815643065823815,0.4,1
2023-07-11,130,AAPL,186.545,186.683,184.02,185.48,46638100,-0.0028064214363286,-0.0028103668203035,0.0096684064268335,185.0922,177.07634000000002,0.017030986176141266,2.083366182172707,0.30000000000000004,1
2023-07-12,131,AAPL,187.058,189.05,185.864,187.146,60750200,0.0089821004960102,0.0089420013687376,0.0092800192170136,185.38705,177.4772,0.017414574088033225,2.0982968202775303,0.30000000000000004,1
2023-07-13,132,AAPL,187.866,188.547,187.156,187.906,41342300,0.0040610005022816,0.004052776896269,0.0092389214225192,185.74355,177.89504,0.015818945460386702,2.091580801697776,0.30000000000000004,1
2023-07-14,133,AAPL,187.6,188.537,187.008,188.054,41616200,0.0007876278564813,0.0007873178404353,0.0092353745526254,186.0759,178.33652,0.015432136080264322,2.0838709978660876,0.30000000000000004,1
2023-07-17,134,AAPL,189.247,191.633,189.158,191.308,50520200,0.0173035404724175,0.0171555390753623,0.0096525446135021,186.4694,178.86453999999998,0.015308880569857186,2.0891953242864845,0.30000000000000004,1
2023-07-18,135,AAPL,190.677,191.643,189.76,191.052,48288200,-0.001338156271562,-0.0013390524021967,0.0095069828016829,186.90385,179.42014000000003,0.016528686001694277,2.0831978517055663,0.30000000000000004,1
2023-07-19,136,AAPL,190.43,195.489,189.987,192.403,80507300,0.0070713732386993,0.0070464883237686,0.0095521574967449,187.4014,179.84952,0.016207688954069127,2.0626980076792605,0.30000000000000004,1
2023-07-20,137,AAPL,192.393,193.754,189.839,190.46,59581200,-0.0100985951362504,-0.0101499318597366,0.0098043196444321,187.85355,180.24142,0.016060385276003546,2.07619641386367,0.30000000000000004,1
2023-07-21,138,AAPL,191.417,192.274,188.586,189.286,71951700,-0.006164023942035,-0.0061830999680676,0.009397921271797,188.0971,180.64392,0.01675439944728714,2.0642557481501136,0.30000000000000004,1
2023-07-24,139,AAPL,190.736,192.215,189.592,190.085,45377800,0.0042211257039612,0.0042122417442896,0.0093899197476019,188.3964,181.02714,0.016260875780120313,1.9083031675284912,0.1,1
2023-07-25,140,AAPL,190.657,191.752,190.253,190.943,37283200,0.0045137701554567,0.0045036136462455,0.0091527780229435,188.8081,181.42378,0.01640610792609342,1.928835256638225,0.1,1
2023-07-26,141,AAPL,190.992,192.935,190.647,191.811,47471900,0.0045458592354785,0.0045355580241575,0.0086673753268565,189.12565,181.85632,0.015180364745382145,2.0300938211791633,0.1,1
2023-07-27,142,AAPL,193.31,194.474,189.888,190.549,47460200,-0.0065793932569039,-0.0066011328728395,0.0087859028893466,189.3214,182.27348,0.013078211676538715,2.01873168642974,0.1,1
2023-07-28,143,AAPL,191.979,193.911,191.456,193.123,48291400,0.0135083364383963,0.0134179122716456,0.0092162878471895,189.6291,182.74212,0.014019116048246436,2.0535884564458042,0.1,1
2023-07-31,144,AAPL,193.349,193.773,192.56,193.734,38824100,0.0031637868094427,0.0031587925669946,0.0077343963771073,189.7514,183.21076,0.01584409031670424,1.9895106507450322,0.1,1
2023-08-01,145,AAPL,193.527,194.01,192.58,192.906,35175100,-0.0042739013286258,-0.0042830605513011,0.0075707011200072,189.90675,183.61628,0.011356580617723001,2.057399711983042,0.25,1
2023-08-02,146,AAPL,192.343,192.482,189.198,189.917,50389300,-0.015494593221569,-0.015615889015111,0.0082912554673838,189.96835,183.95985999999996,0.010889609312714021,2.0762202716647824,0.1,1
2023-08-03,147,AAPL,188.921,189.71,188.054,188.527,61235200,-0.0073189867152493,-0.0073459019068847,0.0084468823051768,189.9368,184.29456,0.013022794230942344,2.06834943737884,0.1,1
2023-08-04,148,AAPL,182.955,184.789,179.405,179.474,115956800,-0.0480196470532072,-0.0492108820646632,0.0136244321235394,189.5083,184.50028,0.013555942118759712,2.054635017885055,0.1,-1
2023-08-07,149,AAPL,179.612,180.598,174.898,176.377,97576100,-0.0172559813677746,-0.0174066010561297,0.0139095296241841,189.02704999999995,184.63854,0.0344238917687218,2.103920079284595,0.1,1
2023-08-08,150,AAPL,177.206,177.778,175.125,177.314,67823000,0.0053124840540432,0.0052984225895168,0.0140199811574727,188.61875,184.77286,0.03615785940768505,2.092092972909043,0.1,1
2023-08-09,151,AAPL,178.369,178.429,174.563,175.726,60378500,-0.0089558636091904,-0.0089962084180597,0.0138427551030603,188.04775,184.82728000000003,0.03699283148664141,2.1078101062506627,0.1,1
2023-08-10,152,AAPL,176.999,178.251,175.145,175.509,54686900,-0.0012348770244585,-0.00123564011337,0.0137499016527318,187.4279,184.84048,0.036370716430255384,2.102598608473914,0.1,1
2023-08-11,153,AAPL,175.105,176.388,174.344,175.569,52036700,0.0003418628104541,0.0003418043886779,0.0137432605418732,186.80365,184.85588,0.03582407321510081,2.0956698865103354,0.1,1
2023-08-14,154,AAPL,175.746,177.445,175.095,177.218,43675600,0.0093923186895181,0.0093484851165071,0.0132218556492393,186.09915,184.84824,0.03579550068214155,2.096931316648639,0.1,1
2023-08-15,155,AAPL,176.645,177.238,174.838,175.233,43622600,-0.011200893814398,-0.0112640962176286,0.0133114499429888,185.3082,184.78394,0.03298602826057906,2.1045960163149977,0.1,1
2023-08-16,156,AAPL,174.917,176.309,174.295,174.364,46964900,-0.0049591115828639,-0.004971448781306,0.0130431721386959,184.40625,184.72928,0.03360027129801846,2.1024680794762953,0.1,1
2023-08-17,157,AAPL,174.927,175.292,171.313,171.826,66062900,-0.0145557569223004,-0.0146627312829672,0.013175377463536,183.47455,184.63116,0.03204556326926851,2.122400160095862,0.1,1
2023-08-18,158,AAPL,170.147,172.912,169.812,172.31,61172200,0.0028168030449409,0.002812843289402,0.0132879956598217,182.62575,184.57011999999995,0.03279932407564656,2.1214068789164298,0.1,1
2023-08-21,159,AAPL,172.883,173.93,171.569,173.643,46311900,0.007736057106378,0.0077062872522232,0.0134332766958548,181.80365,184.4815,0.033497004440923094,2.1197018020268126,0.1,1
2023-08-22,160,AAPL,174.848,175.46,174.048,175.016,42038900,0.0079070276371635,0.007875930908374,0.0135728310902998,181.0073,184.41266,0.03419276857722994,2.1298219853350977,0.1,1
2023-08-23,161,AAPL,176.29,179.282,176.102,178.857,52722800,0.0219465648854961,0.0217092055667612,0.0146793506296759,180.3596,184.36481999999995,0.03494943662535667,2.1242019256809317,0.1,1
2023-08-24,162,AAPL,178.413,178.837,173.811,174.176,54945800,-0.0261717461435673,-0.0265203216305774,0.0155326065188662,179.54095,184.23282,0.04055911216521639,2.098291106657262,0.1,1
2023-08-25,163,AAPL,175.164,176.912,173.623,176.379,51449600,0.0126481260334374,0.0125688066151235,0.0154816144908004,178.70375,184.13225999999997,0.04472304822592071,2.112592896531553,0.45,1
2023-08-28,164,AAPL,177.84,178.334,176.319,177.939,43820700,0.0088445903423877,0.0088057060620497,0.0156787188183329,177.91400000000002,184.02228,0.04446285009648137,2.1127140458137736,0.45,1
2023-08-29,165,AAPL,177.455,182.59,177.257,181.82,53003900,0.0218108452896779,0.0215763917647493,0.0167162633948205,177.3597,184.01142,0.04587724563914684,2.1065028143923663,0.05,1
2023-08-30,166,AAPL,182.629,185.503,182.432,185.306,60813900,0.0191728082719173,0.0189913259978304,0.017125266044582,177.12915,184.06849999999997,0.05086105572750354,2.054372124438098,0.45,1
2023-08-31,167,AAPL,185.493,186.757,185.138,185.523,60794500,0.001171036016103,0.0011703508882482,0.0170677904022346,176.97895,184.15062,0.05520586054160504,2.1538129403046433,0.15000000000000002,1
2023-09-01,168,AAPL,187.123,187.547,185.928,187.093,45766500,0.0084625625933172,0.0084269558523145,0.0130100249715503,177.35989999999998,184.20418,0.05452358977416618,2.1476370018931896,0.15000000000000002,1
2023-09-05,169,AAPL,185.928,187.606,185.266,187.33,45280000,0.0012667496913301,0.0012659480408621,0.0121883546254205,177.90755,184.2688,0.032033822395161324,2.0284195149363136,0.45,1
2023-09-06,170,AAPL,186.046,186.491,179.203,180.625,81755800,-0.0357924518229862,-0.0364487086062709,0.0149469053617007,178.0731,184.22712,0.028222084385209317,2.0652794056554704,0.45,1
2023-09-07,171,AAPL,172.991,175.984,171.372,175.342,112488800,-0.0292484429065743,-0.029684706360907,0.0162891011027073,178.0539,184.02476,0.04148995456069795,2.125856017229258,0.15000000000000002,1
2023-09-08,172,AAPL,176.122,177.988,175.569,175.954,65551300,0.0034903217711672,0.0034842447345709,0.0163042377820471,178.07615,183.81116000000003,0.05013800129407955,2.1193508332591238,0.15000000000000002,1
2023-09-11,173,AAPL,177.82,178.047,175.124,177.119,58953100,0.0066210486831785,0.006599225814236,0.016366358083573,178.15365,183.61416,0.050331514253558376,2.129451519808416,0.15000000000000002,1
2023-09-12,174,AAPL,177.248,177.88,172.636,174.097,90370200,-0.0170619752821549,-0.0172092079050797,0.0166816125117544,177.99759999999998,183.27034,0.050579652814433725,2.121421004197297,0.15000000000000002,1
2023-09-13,175,AAPL,174.305,175.085,171.806,172.033,84267900,-0.0118554598873042,-0.0119262962738126,0.016703813125394,177.8376,182.91502,0.05154704712798654,2.1174191229986055,0.05,1
2023-09-14,176,AAPL,171.826,173.9,171.411,173.544,60895800,0.0087831985723669,0.0087448506650563,0.016805519164286,177.79659999999998,182.6122,0.051721357836948124,2.1165243408629455,0.05,1
2023-09-15,177,AAPL,174.275,174.295,171.648,172.823,109259500,-0.0041545659890287,-0.0041632201762188,0.0164926678916079,177.84645,182.2855,0.05297301984256557,2.1134216649464115,0.25,1
2023-09-18,178,AAPL,174.275,177.139,173.969,175.746,67257600,0.0169132580732889,0.0167718214655221,0.0168967622463692,178.01825000000002,182.03954,0.050553848905547774,2.103902340252532,0.25,1
2023-09-19,179,AAPL,175.302,177.386,174.917,176.833,51826900,0.0061850625334287,0.00616601353995,0.0168683558788144,178.17775,181.85616,0.05368751733409774,2.132914364662408,0.05,1
2023-09-20,180,AAPL,177.02,177.455,173.209,173.298,58436200,-0.0199906126118993,-0.0201931283959478,0.0174157980276479,178.09185,181.61252,0.05355587159311859,2.131096985970358,0.05,1
2023-09-21,181,AAPL,172.369,174.097,171.688,171.757,63149100,-0.0088921972555944,-0.0089319687880284,0.0166879998643754,177.73685,181.30474,0.05584440980565418,2.1768263073657144,0.1,1
2023-09-22,182,AAPL,172.488,174.868,171.875,172.606,56725400,0.0049430299783996,0.0049308533156366,0.0157279024264512,177.65834999999998,180.99874,0.05249530451736205,2.138344877178611,0.1,1
2023-09-25,183,AAPL,172.024,174.759,171.974,173.88,46172700,0.0073809716927568,0.0073538656189169,0.015542078385365,177.5334,180.71526000000003,0.0469972661604731,2.0280652335357527,0.1,1
2023-09-26,184,AAPL,172.636,173.011,169.515,169.812,64588900,-0.0233954451345754,-0.0236734633623566,0.0161704560551914,177.12705,180.28534,0.045867705280453835,2.0347295173088353,0.1,1
2023-09-27,185,AAPL,170.463,170.878,166.938,168.301,66921800,-0.0088980755188091,-0.008937899808479,0.0151983321521924,176.4511,179.83032,0.04937535576453616,2.0507222068106294,0.30000000000000004,1
2023-09-28,186,AAPL,167.224,169.881,165.526,168.557,56294400,0.0015210842478654,0.0015199285709937,0.0142823496026212,175.61365,179.35339999999997,0.0438702743128346,1.9591435046781882,0.2,1
2023-09-29,187,AAPL,169.871,170.908,168.212,169.071,51861100,0.0030494135514989,0.0030447735205172,0.0143285883343153,174.79104999999998,178.92562,0.038688764994507366,1.9463873362668678,0.2,1
2023-10-02,188,AAPL,169.081,172.122,168.794,171.579,52164500,0.0148340046489345,0.0147250569014655,0.0146987913358047,174.01535,178.57148,0.03891637525856276,1.947969430649397,0.2,1
2023-10-03,189,AAPL,170.108,171.461,168.686,170.246,49594600,-0.0077690160217742,-0.0077993520496181,0.0146602453603705,173.16115,178.1747,0.041024355964932174,1.9330475416105086,0.2,1
2023-10-04,190,AAPL,168.952,172.033,168.834,171.49,53020300,0.0073070732939393,0.0072805059749417,0.0129070069326875,172.70440000000002,177.78563999999997,0.0408336643230187,1.9546091897453843,0.2,1
2023-10-05,191,AAPL,171.619,173.258,170.523,172.725,48527900,0.0072015860983147,0.0071757785068029,0.0114208998642841,172.57355,177.40392,0.030643120574465086,2.0087555285104255,0.2,1
2023-10-06,192,AAPL,171.629,175.766,171.016,175.273,57266700,0.0147517730496453,0.0146440240126486,0.0119051516113108,172.5395,177.09839999999997,0.024747106954427642,2.1207506461224632,0.2,1
2023-10-09,193,AAPL,174.601,176.813,173.604,176.754,42390800,0.008449675648845,0.0084141769676134,0.0119665619308822,172.52125,176.77102,0.026734433525531093,2.131488870234415,0.2,1
2023-10-10,194,AAPL,175.875,177.475,175.727,176.161,43698000,-0.0033549452911956,-0.0033605857392789,0.0113148241951508,172.62445,176.41956,0.027047386720415227,2.1278844010385964,0.2,1
2023-10-11,195,AAPL,175.974,177.603,175.381,177.554,47551100,0.0079075391261402,0.0078764383845925,0.0110244150833678,172.90050000000002,176.11252000000002,0.023825041977310037,2.125510711640432,0.2,1
2023-10-12,196,AAPL,177.82,180.062,176.803,178.452,56743100,0.0050576162744855,0.0050448694941126,0.0109283973852882,173.1459,175.88322,0.023021933058935823,2.0486216969298505,0.2,1
2023-10-13,197,AAPL,179.153,179.657,175.914,176.615,51427100,-0.0102940846838365,-0.0103474352193461,0.0111775719909378,173.3355,175.64498,0.022658655652868523,2.0300902203275197,0.2,1
2023-10-16,198,AAPL,174.542,176.843,174.305,176.487,52517000,-0.0007247402542254,-0.000725003005402,0.0105459915439011,173.37255,175.58524,0.023636483139660654,2.00221776181784,0.2,1
2023-10-17,199,AAPL,174.443,176.191,172.616,174.937,57549400,-0.0087825165592931,-0.0088213101618407,0.0106343645488113,173.27775000000003,175.55644,0.0211257228357041,2.0811009621564796,0.05,1
2023-10-18,200,AAPL,173.386,175.361,172.922,173.643,54764400,-0.0073969486157874,-0.0074244417007265,0.0097551009102193,173.29500000000002,175.48302,0.02141981647926811,2.063103654454514,0.05,1
2023-10-19,201,AAPL,173.841,175.618,173.001,173.268,59302900,-0.0021596033240613,-0.002161938630149,0.0095406459608225,173.37055,175.43385999999998,0.017788219969687304,2.055053757687298,0.05,1
2023-10-20,202,AAPL,173.12,173.228,170.483,170.72,64244000,-0.014705542858462,-0.014814741223639,0.0100548211082845,173.27625,175.33807999999996,0.017142179161918177,2.063589028575647,0.05,1
2023-10-23,203,AAPL,168.775,171.836,167.807,170.839,55980100,0.0006970477975631,0.000696804972581,0.0098887631629596,173.1242,175.24347999999998,0.019206488882981092,1.9986698530105174,0.05,1
2023-10-24,204,AAPL,170.888,171.5,169.308,171.273,43816600,0.0025404035378338,0.0025371821673335,0.0083564094482131,173.19725,175.12458000000004,0.018569562142788376,1.9951317751406785,0.05,1
2023-10-25,205,AAPL,169.733,170.898,168.518,168.962,57157000,-0.0134930783018923,-0.0135849371243074,0.008684031622092,173.2303,174.99916000000002,0.012804694115503161,1.984945692152371,0.05,1
2023-10-26,206,AAPL,168.241,169.239,163.6,164.805,70625300,-0.024603165208745,-0.0249108807480965,0.0102951880900479,173.0427,174.80798,0.01371505821575493,1.977562421372343,0.05,1
2023-10-27,207,AAPL,164.825,166.849,164.746,166.118,58499100,0.0079669912927398,0.0079354223795978,0.0104563216996355,172.89505,174.69382000000002,0.02009867835208903,2.09692288822941,0.05,1
2023-10-30,208,AAPL,166.908,169.031,166.76,168.162,51131000,0.0123045064351847,0.0122294212921868,0.0102705519555077,172.7242,174.61086,0.020765661931638858,2.0870822915748057,0.05,1
2023-10-31,209,AAPL,167.234,168.765,165.802,168.636,44846000,0.0028187105291326,0.0028147454138696,0.0101732491990709,172.64370000000002,174.51072,0.02004095170886953,2.0841393515012054,0.05,1
2023-11-01,210,AAPL,168.864,172.053,167.995,171.796,56934900,0.0187385848810455,0.018565180485418,0.0109240016247275,172.659,174.44632,0.019622314444971034,2.0777553489164795,0.05,1
2023-11-02,211,AAPL,173.327,175.559,173.268,175.352,77334800,0.0206989685440872,0.0204876558890243,0.0117672089648111,172.79035000000002,174.37622000000002,0.022670790042323096,2.0932560596187475,0.05,1
2023-11-03,212,AAPL,172.063,174.611,171.184,174.443,79829200,-0.0051838587526802,-0.0051973415639748,0.0113624305957766,172.74885,174.38155999999998,0.026246025682928636,2.035674754336589,0.05,1
2023-11-06,213,AAPL,174.176,177.188,174.009,176.991,63841300,0.0146064903722131,0.0145008431063503,0.0116871841957107,172.7607,174.3938,0.024045138094605567,2.098409376767256,0.05,1
2023-11-07,214,AAPL,176.941,180.161,176.734,179.548,70530000,0.0144470622800028,0.0143436978281194,0.0120789829519922,172.93005,174.42598,0.025256710237552393,2.105628090742837,0.05,1
2023-11-08,215,AAPL,180.072,181.158,179.321,180.605,49340300,0.005887005146256,0.0058697444409047,0.0120266990907312,173.0826,174.40168000000003,0.027531367843639888,2.0898981220832384,0.05,1
2023-11-09,216,AAPL,180.674,181.82,179.539,180.131,53763500,-0.0026245120566982,-0.0026279621262876,0.0120102949693343,173.16655,174.29818,0.027329247672826087,2.0941596612482862,0.05,1
2023-11-10,217,AAPL,181.911,184.482,181.476,184.314,66133400,0.023221988441745,0.0229564609281995,0.0127358468567986,173.55149999999998,174.274,0.027090599782153665,2.07090032088684,0.05,1
2023-11-13,218,AAPL,183.74,183.948,182.148,182.732,43627500,-0.0085831787059039,-0.0086202263274847,0.0129506525636512,173.86374999999998,174.18678,0.02909724404263561,1.8694957834867627,0.30000000000000004,1
2023-11-14,219,AAPL,185.599,186.005,184.215,185.342,60108400,0.0142832125736052,0.0141821685121874,0.012983788000969,174.384,174.14702,0.02965365551146004,1.9095641548040603,0.30000000000000004,1
2023-11-15,220,AAPL,185.747,187.379,185.678,185.906,53790500,0.0030430231679812,0.003038402544384,0.0127527387212053,174.99714999999998,174.25264,0.02801638600715044,2.0845169270897395,0.05,1
2023-11-16,221,AAPL,187.448,188.823,186.538,187.587,54412900,0.0090422041246651,0.0090015681723039,0.0127372976572966,175.7131,174.49754,0.027767435190279865,2.076214533243348,0.30000000000000004,1
2023-11-17,222,AAPL,188.121,188.249,186.459,187.567,50922700,-0.0001066171962874,-0.0001066228803047,0.0120027118830405,176.55545,174.72979999999998,0.02674323975839812,2.048672935126185,0.30000000000000004,1
2023-11-20,223,AAPL,187.765,189.762,187.755,189.307,46505100,0.0092766851311796,0.009233920957404,0.0120022335571668,177.47885000000002,174.97356,0.024502783927913305,2.0922792397209986,0.30000000000000004,1
2023-11-21,224,AAPL,189.268,189.376,187.616,188.506,38134500,-0.0042312223002846,-0.0042401992526313,0.0121758841094381,178.3405,175.26174,0.023813827132166194,2.1062272674202434,0.30000000000000004,1
2023-11-22,225,AAPL,189.347,190.771,188.694,189.169,39617700,0.003517129428241,0.0035109587929161,0.0113942838994348,179.35084999999998,175.60446,0.024017524805480358,2.090826120740725,0.30000000000000004,1
2023-11-24,226,AAPL,188.734,188.763,187.132,187.844,24048300,-0.0070043188894587,-0.0070289642812251,0.0094408997645282,180.5028,175.89046000000002,0.01882281059969798,2.0588667108419214,0.35000000000000003,1
2023-11-27,227,AAPL,187.794,188.536,186.786,187.666,40552600,-0.0009475948127168,-0.0009480440645096,0.0095826355091533,181.5802,176.18732,0.012837884127550152,2.0032129427323255,0.35000000000000003,1
2023-11-28,228,AAPL,187.656,188.941,187.28,188.269,38415400,0.0032131552865197,0.0032080041344236,0.0094910244147087,182.58555,176.43778000000003,0.01411739663481128,2.0376447390811587,0.35000000000000003,1
2023-11-29,229,AAPL,188.763,189.94,186.855,187.25,43014200,-0.0054124683298897,-0.0054271688044971,0.0097963521584356,183.51625,176.64612,0.013002169402197544,2.0540688981191817,0.35000000000000003,1
2023-11-30,230,AAPL,187.715,188.19,186.084,187.824,48794400,0.0030654205607476,0.0030607317388374,0.0092773970398103,184.31765,176.93664,0.01483373838159667,2.042834184447736,0.35000000000000003,1
2023-12-01,231,AAPL,188.2,189.416,187.112,189.1,45704800,0.0067935940028962,0.0067706215282453,0.0084877864894834,185.00505,177.28349999999998,0.01153771920611991,1.797791659977668,0.35000000000000003,-1
2023-12-04,232,AAPL,187.854,187.923,185.352,187.31,43389500,-0.0094658910629296,-0.0095109773566108,0.0087758492133504,185.6484,177.57758,0.010140454905085037,1.9987713470696569,0.35000000000000003,1
2023-12-05,233,AAPL,188.081,192.224,188.051,191.255,66628400,0.0210613421600553,0.0208426178479509,0.009304650167188,186.3616,177.92507999999998,0.010715469209496526,1.9822541084785978,0.35000000000000003,1
2023-12-06,234,AAPL,192.274,192.58,189.96,190.167,41089700,-0.0056887401636558,-0.0057049826748889,0.0091948016505888,186.89254999999997,178.33217999999997,0.011939870560377621,2.0445849258184614,0.35000000000000003,1
2023-12-07,235,AAPL,191.463,192.817,191.423,192.096,47477700,0.0101437157866506,0.0100926135885695,0.0093156393388464,187.4671,178.80808000000002,0.009438738478008479,2.0116097242763185,0.45,1
2023-12-08,236,AAPL,192.026,193.796,191.502,193.52,53406400,0.0074129601865733,0.0073856192323391,0.0092595227522901,188.13655,179.30734,0.009364690029306746,1.9768195673123095,0.45,1
2023-12-11,237,AAPL,190.949,191.324,189.278,191.018,60943700,-0.0129288962381149,-0.0130132018578344,0.0087484360635634,188.47175,179.74627999999996,0.010314363099861496,1.9933089640993484,0.05,1
2023-12-12,238,AAPL,190.919,192.541,189.574,192.531,52696900,0.0079207195133443,0.0078895152795589,0.0084896327623497,188.9617,180.16532,0.011864433875222478,2.0917363570056233,0.35000000000000003,1
2023-12-13,239,AAPL,192.906,195.784,192.669,195.744,70404200,0.0166882216370349,0.0165505033366579,0.0086780342185607,189.4818,180.67528,0.012088265157611999,2.029959636463179,0.4,1
2023-12-14,240,AAPL,195.804,197.386,193.964,195.893,66831600,0.0007611982998201,0.0007609087353289,0.0086892430694723,189.98115,181.16334000000003,0.012563618771374878,2.036710649410167,0.4,1
2023-12-15,241,AAPL,195.319,196.179,194.795,195.359,128538400,-0.0027259779573541,-0.0027297002013083,0.0086322603917472,190.36975,181.61602,0.012463202364432123,2.0139098212884203,0.4,1
2023-12-18,242,AAPL,193.895,194.429,192.214,193.697,55751900,-0.0085074145547427,-0.0085438091689998,0.008942416547357,190.67625,181.9845,0.012928485945874469,2.05739541447996,0.4,1
2023-12-19,243,AAPL,193.964,194.746,193.697,194.736,40714100,0.0053640479718322,0.0053497127070259,0.0088085156384704,190.9477,182.34414,0.013512281284998135,1.9994501619880118,0.4,1
2023-12-20,244,AAPL,194.696,195.467,192.649,192.649,52242800,-0.010717073371128,-0.0107749148339529,0.009141823721183,191.15485,182.6739,0.013279915763845998,2.0156652101851273,0.4,1
2023-12-21,245,AAPL,193.905,194.874,191.334,192.501,46482500,-0.0007682365337997,-0.0007685317787073,0.0091330752412486,191.32145,182.97284,0.014044914370141765,2.0417096579918375,0.4,1
2023-12-22,246,AAPL,192.995,193.223,190.81,191.433,37149600,-0.0055480231271526,-0.0055634705691333,0.0090722345972709,191.5009,183.23246000000003,0.01426489048597514,2.0595928678731803,0.4,1
2023-12-26,247,AAPL,191.443,191.72,190.672,190.889,28919300,-0.0028417253033697,-0.0028457706704186,0.0091033121546014,191.66205,183.51794,0.014135338782618861,2.0599072305201824,0.4,1
2023-12-27,248,AAPL,190.335,191.334,188.951,190.988,48087700,0.0005186260077845,0.0005184915677972,0.0090870606825451,191.798,183.80796,0.014344705674432754,2.055983203184892,0.4,1
2023-12-28,249,AAPL,191.967,192.481,191.008,191.413,34049900,0.0022252706976355,0.0022227984497312,0.0089739583565152,192.00615,184.13748,0.014142293391942506,2.06291047270538,0.4,1
2023-12-29,250,AAPL,191.73,192.224,189.584,190.375,42672100,-0.0054228291704325,-0.0054375860821915,0.0090781296397413,192.1337,184.47212,0.013300179583842537,2.1021734316920617,0.4,1
2024-01-02,251,AAPL,185.055,186.331,181.832,183.562,82488700,-0.0357872619829283,-0.0364433261280891,0.0120755053324289,191.8568,184.678,0.01308448807322775,2.108907476168526,0.4,1
2024-01-03,252,AAPL,182.158,183.799,181.377,182.188,58414500,-0.0074852093570566,-0.0075133641208053,0.0120139707561886,191.6007,184.90736,0.027280031514540642,2.090189969244696,0.30000000000000004,1
2024-01-04,253,AAPL,180.111,181.041,178.855,179.874,71983600,-0.0127011658287043,-0.0127825151906145,0.0110363937178788,191.03165,185.08806,0.027054196660267454,2.0953913314078676,0.30000000000000004,1
2024-01-05,254,AAPL,179.953,180.714,178.153,179.152,62379700,-0.0040139208557101,-0.0040219982579758,0.0110212973357466,190.4809,185.24564,0.023120754048254723,2.1358096998402276,0.30000000000000004,1
2024-01-08,255,AAPL,180.052,183.523,179.469,183.483,59144500,0.0241750022327409,0.0238874126333801,0.0122722702712689,190.05025,185.53606,0.02304506920150558,2.1320826920457523,0.30000000000000004,1
2024-01-09,256,AAPL,181.861,183.078,180.685,183.068,42841800,-0.002261789920592,-0.0022643516308436,0.012061485542245,189.52765,185.90131999999997,0.028598931729258637,2.167666674661586,0.30000000000000004,1
2024-01-10,257,AAPL,182.287,184.314,181.861,184.106,46792900,0.0056700242532827,0.0056540101707412,0.0119480128277282,189.18205,186.26108,0.027521663923506495,2.173896799933925,0.2,1
2024-01-11,258,AAPL,184.452,184.956,181.565,183.513,49128400,-0.0032209705278479,-0.0032261690192116,0.0117300099250402,188.73115,186.5681,0.026543617412987545,2.1365068127063456,0.05,1
2024-01-12,259,AAPL,183.977,184.65,183.117,183.839,40477800,0.0017764409060938,0.0017748649011245,0.0109022516949056,188.1359,186.87216,0.02512137384973116,2.148051044357456,0.1,1
2024-01-16,260,AAPL,180.121,182.198,178.905,181.575,65603000,-0.0123151235592012,-0.0123915830807998,0.0110511307739277,187.42,187.06774,0.022124672454324635,2.112309309848861,0.1,1
2024-01-17,261,AAPL,179.241,180.883,178.282,180.635,47317400,-0.0051769241360318,-0.005190370836228,0.0110530077327319,186.6838,187.1734,0.022264172193439413,2.093076040965604,0.1,1
2024-01-18,262,AAPL,184.007,187.023,183.75,186.519,78005800,0.0325739751432447,0.0320546899143937,0.0136536060523081,186.3249,187.41492,0.022375324837086846,2.0973272723564356,0.1,1
2024-01-19,263,AAPL,187.211,189.802,186.707,189.416,68903000,0.0155319297229772,0.015412543910301,0.0141157941819253,186.0589,187.66342,0.03541996723948538,2.053833119895478,0.15000000000000002,1
2024-01-22,264,AAPL,190.148,193.144,190.108,191.72,60133900,0.0121637031718544,0.0120903198107319,0.0142381769575873,186.01245,187.90685999999997,0.03780861568649452,2.0607569623155064,0.15000000000000002,1
2024-01-23,265,AAPL,192.837,193.559,191.661,192.995,42355600,0.0066503233882746,0.0066283075421185,0.014317509178261,186.03715,188.15466,0.03843486709238828,2.1118354084618387,0.15000000000000002,1
2024-01-24,266,AAPL,193.233,194.182,192.165,192.323,53631300,-0.0034819554910748,-0.0034880316067054,0.0142810667167406,186.08165,188.3985,0.03893336168169345,2.0901587897739127,0.15000000000000002,1
2024-01-25,267,AAPL,193.035,194.073,190.949,191.997,54822100,-0.0016950650728201,-0.0016965033211334,0.0142699656517705,186.13705,188.55216,0.03872191468063413,2.094932988838253,0.15000000000000002,1
2024-01-26,268,AAPL,192.096,192.58,189.792,190.266,44594000,-0.0090157658713418,-0.0090566538315166,0.0144237373633292,186.10095,188.70284,0.03866967468448333,2.0960178114225583,0.15000000000000002,1
2024-01-29,269,AAPL,189.861,190.049,187.458,189.584,47145600,-0.0035844554465852,-0.0035908949998092,0.0144331422581922,186.0095,188.78768,0.03952344150786284,2.102027460552105,0.05,1
2024-01-30,270,AAPL,188.803,189.653,185.372,185.935,55859400,-0.0192474048442906,-0.0194350478029764,0.0150069459771297,185.7875,188.78826,0.03957642196749182,2.1001770318161728,0.05,1
2024-01-31,271,AAPL,184.946,185.006,182.287,182.336,55467800,-0.0193562266383412,-0.0195460113959645,0.0133665606552342,185.7262,188.68323999999996,0.042727291489759095,2.057711497679907,0.05,1
2024-02-01,272,AAPL,181.931,184.858,181.763,184.769,64885400,0.0133434977184976,0.0132552573429683,0.0135828984402475,185.85525,188.62728,0.03356561536091979,2.0446920765918746,0.05,1
2024-02-02,273,AAPL,177.847,185.233,177.244,183.77,102551700,-0.0054067511324951,-0.0054214205110784,0.0132964674964832,186.05005,188.51654,0.035031187775637664,2.08255377512122,0.1,1
2024-02-05,274,AAPL,186.044,187.132,183.76,185.579,69668800,0.0098438265222833,0.0097956916914891,0.0133737550851774,186.3714,188.458,0.03349240655137825,2.075995378102494,0.1,1
2024-02-06,275,AAPL,184.769,187.191,184.68,187.181,43490800,0.0086324422483148,0.0085953957671341,0.0124261058446473,186.5563,188.41824,0.03398287130107327,2.03716578436031,0.1,1
2024-02-07,276,AAPL,188.506,188.912,186.499,187.29,53439000,0.0005823240606683,0.0005821545758061,0.0124022065696076,186.7674,188.40716,0.029219878527641845,1.9684391014893743,0.1,1
2024-02-08,277,AAPL,187.27,187.419,185.253,186.212,40962000,-0.0057557798067168,-0.0057724081440394,0.0124491812621592,186.8727,188.37808,0.029059462657126913,1.958059944227968,0.1,1
2024-02-09,278,AAPL,186.777,188.103,186.133,186.975,45155200,0.0040974802912809,0.0040891084800083,0.0124372075289908,187.0458,188.3522,0.029008220527112723,1.9674392478790192,0.1,1
2024-02-12,279,AAPL,186.549,186.796,184.935,185.291,41781900,-0.0090065516780317,-0.0090473558526425,0.0126343019267099,187.1184,188.31302,0.028708123310272525,2.0278019072047697,0.1,1
2024-02-13,280,AAPL,183.925,184.361,181.688,183.202,56529500,-0.0112741579461496,-0.0113381930140815,0.0125808964236281,187.19975,188.22058,0.02919066204726427,2.0619711760998554,0.1,1
2024-02-14,281,AAPL,183.48,183.688,180.628,182.321,54630500,-0.004808899466163,-0.0048204994268387,0.0125723902071411,187.28405,188.085,0.028884594324171012,2.061994365069135,0.1,1
2024-02-15,282,AAPL,181.727,182.658,179.549,182.034,65434500,-0.0015741466973085,-0.0015753869679704,0.0100608101548058,187.0598,187.97948,0.028861816488459237,2.062276667517361,0.1,1
2024-02-16,283,AAPL,181.598,183.014,179.866,180.499,49752500,-0.0084324906336178,-0.0084682452248141,0.0093705718086516,186.61395,187.76436,0.01913044314664772,1.998139684501373,0.1,1
2024-02-20,284,AAPL,179.985,180.618,178.212,179.757,53665600,-0.0041108260987594,-0.0041192987721296,0.0087269213888164,186.0158,187.55616,0.015953794376813206,2.054182505406376,0.1,1
2024-02-21,285,AAPL,180.133,181.074,178.866,180.509,41371400,0.0041834254020705,0.0041746992064832,0.0085971364092171,185.3915,187.32442,0.014229857932709032,2.0956577861501255,0.1,1
2024-02-22,286,AAPL,181.658,183.123,180.648,182.539,52292200,0.0112459766549035,0.0111832107966459,0.0091912728889268,184.9023,187.10480000000004,0.013745528658008654,2.1038749428113475,0.1,1
2024-02-23,287,AAPL,183.173,183.202,180.42,180.707,45119700,-0.010036211439747,-0.0100869137343297,0.0093377021251756,184.3378,186.89858,0.015285872066614348,2.0509347934620643,0.1,1
2024-02-26,288,AAPL,180.43,180.945,178.856,179.361,40867400,-0.0074485216400028,-0.0074764004006204,0.0092908783469747,183.79255,186.63518,0.015440274312259472,2.0127127275781067,0.1,1
2024-02-27,289,AAPL,179.301,182.093,177.777,180.816,54318900,0.0081121313998027,0.0080794049303618,0.0096086001463258,183.35415,186.33661999999995,0.01519893166656335,2.010414730512592,0.1,1
2024-02-28,290,AAPL,180.697,181.301,178.341,179.618,48953900,-0.0066255198654986,-0.0066475660545074,0.0088205349264761,183.0383,186.01112,0.01684491244422823,2.029443862693741,0.30000000000000004,1
2024-02-29,291,AAPL,179.47,180.757,177.747,178.955,136682600,-0.0036911668095623,-0.0036979959760114,0.0078064292853594,182.86925,185.68304,0.0135346056572045,2.0654291734473773,0.30000000000000004,1
2024-03-01,292,AAPL,177.767,178.737,175.618,177.876,73563100,-0.0060294487440977,-0.0060476992675529,0.0071166343271,182.5246,185.36662,0.010990769580795286,2.05931127371004,0.30000000000000004,1
2024-03-04,293,AAPL,174.401,175.143,172.064,173.361,81510100,-0.0253828509748365,-0.0257105527649244,0.0088331642956525,182.00415,184.93912,0.009511575952951622,2.1054409189406527,0.25,1
2024-03-05,294,AAPL,169.064,170.331,167.936,168.431,95132400,-0.0284377685869369,-0.0288499551775417,0.0100025368519415,181.14675,184.45476,0.01421595180860082,2.0829260891508454,0.30000000000000004,1
2024-03-06,295,AAPL,169.361,169.539,167.005,167.44,68587700,-0.0058837149930832,-0.0059010922395124,0.0094910475623443,180.1597,183.95354,0.019003899762645597,2.029902617305271,0.30000000000000004,1
2024-03-07,296,AAPL,167.47,169.034,166.817,167.322,71765100,-0.0007047300525561,-0.000704978491508,0.0094518202095776,179.1613,183.47132,0.01705328629494238,2.084932070973189,0.30000000000000004,1
2024-03-08,297,AAPL,167.322,171.975,167.262,169.034,76267000,0.0102317686855284,0.010179778474117,0.0100904966366216,178.30239999999998,183.03422,0.01692559481025753,2.083994590432148,0.30000000000000004,1
2024-03-11,298,AAPL,171.223,172.648,170.341,171.034,60139500,0.0118319391365051,0.0117624890275171,0.0105847002490872,177.50535,182.63514000000004,0.019326549818407576,2.08941389281788,0.15000000000000002,1
2024-03-12,299,AAPL,171.43,172.302,169.312,171.51,59825400,0.0027830723715751,0.002779206796119,0.0106423226654204,176.8163,182.23708,0.021285557228379923,2.0566507757610544,0.15000000000000002,1
2024-03-13,300,AAPL,171.054,171.47,169.064,169.431,52488700,-0.0121217421724679,-0.0121958096489144,0.010675277930769,176.12775000000002,181.8182,0.021467172895969482,2.0594338180562572,0.1,1
2024-03-14,301,AAPL,171.193,172.579,170.341,171.282,72913500,0.010924801246525,0.0108655567047274,0.0111688232557229,175.5758,181.5726,0.021591646580559544,2.0608616069492394,0.1,1
2024-03-15,302,AAPL,169.47,170.906,168.599,170.906,121752700,-0.0021952102380868,-0.0021976232440986,0.0111653424556108,175.0194,181.34696,0.02334241711687714,2.128402562269747,0.1,1
2024-03-18,303,AAPL,173.826,175.945,171.797,171.995,75604200,0.006371923747557,0.0063517088677733,0.0112825918892019,174.5942,181.18938000000003,0.023310819223440225,2.129038993863017,0.1,1
2024-03-19,304,AAPL,172.609,174.856,171.312,174.331,55215200,0.0135817901683188,0.0134903843625413,0.0118180950795552,174.32289999999998,181.09296000000003,0.023295606033254087,2.118135552167975,0.05,1
2024-03-20,305,AAPL,173.975,176.896,173.351,176.896,53423100,0.0147133900453735,0.0146061982790767,0.0123073815501347,174.14225,180.96122,0.02623627327167235,2.0600623277536294,0.05,1
2024-03-21,306,AAPL,175.292,175.727,169.143,169.668,106181300,-0.0408601664254701,-0.0417184028673913,0.0148457654244855,173.4987,180.69322,0.0281654873907584,2.0499375427639266,0.05,1
2024-03-22,307,AAPL,170.054,171.331,168.371,170.569,71160100,0.0053103708418793,0.0052963205422245,0.0148890499142386,172.9918,180.42248,0.038077601678097234,2.070700984909668,0.15000000000000002,1
2024-03-25,308,AAPL,168.876,170.232,167.767,169.153,54288300,-0.0083016257350397,-0.0083362761329762,0.0149043548231582,172.48139999999998,180.13528000000002,0.03686689023779167,2.120841636887712,0.15000000000000002,1
2024-03-26,309,AAPL,168.312,169.718,167.896,168.025,57388400,-0.0066685190330646,-0.0066908529509225,0.0146988587967961,171.84185,179.81900000000002,0.03686572115487218,2.118839769525168,0.15000000000000002,1
2024-03-27,310,AAPL,168.718,171.876,168.421,171.589,60273300,0.0212111292962355,0.0209893045790725,0.0156783631213803,171.4404,179.61928,0.0371282650746755,2.0967753407887306,0.15000000000000002,1
2024-03-28,311,AAPL,170.044,170.52,168.817,169.777,65672700,-0.0105601174900489,-0.0106162712071817,0.0157883843218216,170.9815,179.40212,0.044859738777385784,2.0452706549355515,0.15000000000000002,1
2024-04-01,312,AAPL,169.49,169.549,167.797,168.341,46240500,-0.0084581539313333,-0.0084941271033364,0.0158261792884728,170.50475,179.03856,0.04591111439886333,2.0545653942397286,0.15000000000000002,1
2024-04-02,313,AAPL,167.401,167.658,166.559,167.163,49329500,-0.0069977010948015,-0.007022299828669,0.0149444611560314,170.19485,178.59349999999998,0.04600436612498884,2.0573679629829384,0.15000000000000002,1
2024-04-03,314,AAPL,167.114,168.985,166.906,167.965,47691700,0.0047977124124356,0.0047862400696073,0.0136038802011207,170.17155,178.1184,0.03964547743136484,2.075262828585916,0.15000000000000002,1
2024-04-04,315,AAPL,168.599,170.213,167.143,167.143,53704400,-0.0048938767005031,-0.0049058909285442,0.0135833235226877,170.1567,177.60136,0.03430363941799462,2.0912216788560345,0.35000000000000003,1
2024-04-05,316,AAPL,167.906,168.698,167.272,167.896,42104800,0.0045051243545943,0.0044950066581419,0.0136190101418276,170.1854,177.11282,0.034155939406533636,2.0883251690556826,0.35000000000000003,1
2024-04-08,317,AAPL,167.351,167.52,166.569,166.777,37425500,-0.0066648401391337,-0.0066871493663801,0.0134913690994882,170.07255,176.60842,0.03454788823451965,2.0590066088472105,0.35000000000000003,1
2024-04-09,318,AAPL,167.025,168.391,166.678,167.985,42373800,0.0072432049982913,0.0072170989740268,0.0133068554218573,169.9201,176.16280000000003,0.03437662979942976,2.037938381761735,0.35000000000000003,1
2024-04-10,319,AAPL,167.124,167.411,165.45,166.114,49709300,-0.0111378992171921,-0.0112003900610783,0.0134718628897856,169.6503,175.6934,0.033333341713715665,2.0336714727766525,0.35000000000000003,1
2024-04-11,320,AAPL,166.668,173.718,166.49,173.302,91070300,0.0432714882550537,0.0423614376941791,0.0165238027164583,169.84385,175.44074,0.03442285687249176,2.070496447022348,0.35000000000000003,1
2024-04-12,321,AAPL,172.529,176.589,172.48,174.797,101670900,0.00862655941651,0.008589563266895,0.0164609220465951,170.01960000000005,175.28996000000004,0.05089127009174682,2.1316125390214857,0.4,1
2024-04-15,322,AAPL,173.618,174.876,170.787,170.975,73531800,-0.0218653638220335,-0.0221079536186025,0.0172401620691917,170.02305,175.01408,0.050392513040834246,2.127920256618301,0.4,1
2024-04-16,323,AAPL,170.044,172.034,166.599,167.698,73711200,-0.0191665448164936,-0.0193526042845502,0.0176957021762221,169.8082,174.69263999999998,0.05610720749033768,2.07180147530437,0.30000000000000004,1
2024-04-17,324,AAPL,167.926,168.955,166.332,166.332,50901200,-0.0081455950577825,-0.0081789516803933,0.0174105515415154,169.40825,174.3077,0.05811469259610502,2.0807288470946816,0.2,1
2024-04-18,325,AAPL,166.361,166.965,164.896,165.381,43122900,-0.0057174807012481,-0.0057338880631042,0.0169593524047504,168.8325,173.87169999999998,0.057118729742150515,2.119062758212252,0.2,1
2024-04-19,326,AAPL,164.559,164.747,162.451,163.361,68149400,-0.0122142204969132,-0.0122894271089333,0.0146683771989697,168.51715,173.39311999999998,0.05333353663128779,2.1460544177684615,0.30000000000000004,1
2024-04-22,327,AAPL,163.876,165.599,163.134,164.193,48116400,0.0050930148566672,0.0050800893245443,0.0146629181340543,168.19834999999998,172.95273999999998,0.03768754137753014,2.1315391572175333,0.30000000000000004,1
2024-04-23,328,AAPL,163.708,165.391,163.282,165.243,49537800,0.0063949133032465,0.0063745526023454,0.0146882919369582,168.00285000000002,172.51809999999998,0.037639724949424656,2.131593510643696,0.30000000000000004,1
2024-04-24,329,AAPL,164.886,167.619,164.559,167.341,48251800,0.0126964531024007,0.0126165289330642,0.0149358133272694,167.96865,172.1591,0.03649558374959865,2.1057639015585177,0.30000000000000004,1
2024-04-25,330,AAPL,167.846,168.916,166.48,168.203,50558300,0.0051511584130607,0.0051379365822883,0.0141403394063068,167.79935,171.85912,0.039537611312030256,2.115759520602156,0.1,1
2024-04-26,331,AAPL,168.193,169.638,167.5,167.619,44838400,-0.003471995148719,-0.0034780365116507,0.0139733767041462,167.69145,171.56508000000002,0.03622600726418668,2.1321535766339115,0.1,1
2024-04-29,332,AAPL,171.648,174.282,171.381,171.777,68169400,0.024806257047232,0.0245035772094141,0.0149292574254397,167.86325000000002,171.35994,0.03573009115680355,2.125658858780171,0.1,1
2024-04-30,333,AAPL,171.609,173.252,168.312,168.638,65934800,-0.018273692054233,-0.018442718287055,0.0154554224382926,167.937,171.12271999999996,0.038685836430411534,2.1437395677101847,0.25,1
2024-05-01,334,AAPL,167.896,170.995,167.431,167.619,50383100,-0.0060425289673738,-0.006060858922359,0.015488725397852,167.91969999999998,170.87995999999998,0.04069487206798661,2.13923668631603,0.1,1
2024-05-02,335,AAPL,170.797,171.698,169.193,171.312,94214900,0.0220321085318491,0.0217929086381439,0.0161942197058137,168.12815,170.69601999999998,0.04188184904596585,2.096604387384825,0.1,1
2024-05-03,336,AAPL,184.796,185.143,180.846,181.559,163224100,0.0598148407583822,0.0580942143360764,0.0208217528635585,168.81130000000002,170.67642,0.04808228242095659,2.1408434627261648,0.35000000000000003,-1
2024-05-06,337,AAPL,180.539,182.371,178.628,179.905,78569700,-0.0091099862854499,-0.009151735963273,0.0208954673668525,169.4677,170.66038,0.0758301195012142,2.0747438000831733,0.25,-1
2024-05-07,338,AAPL,181.628,183.064,179.519,180.589,77305800,0.003802006614602,0.0037947972550305,0.0208815128960899,170.0979,170.68493999999998,0.07613169034377897,2.0790362479995377,0.25,-1
2024-05-08,339,AAPL,181.034,181.252,179.648,180.925,45057100,0.0018605784405474,0.001858849708443,0.0205914904224517,170.83845000000002,170.68712000000002,0.07641708611228644,2.0732323042545615,0.25,-1
2024-05-09,340,AAPL,180.747,182.826,180.301,182.737,48983000,0.0100151996683708,0.0099653799165351,0.01853381963461,171.31019999999998,170.7495,0.0755213251307937,2.0526334962425885,0.25,-1
2024-05-10,341,AAPL,183.312,183.5,180.566,181.478,50759500,-0.0068896829870249,-0.0069135264318159,0.018602339524509,171.64425,170.79996000000003,0.0630110657546241,2.1191171100374318,0.25,1
2024-05-13,342,AAPL,183.847,185.493,183.034,184.68,72044800,0.0176440119463516,0.0174901634018777,0.0180189719457757,172.3295,170.93604,0.062332277070358016,2.074647034528144,0.25,1
2024-05-14,343,AAPL,185.9,186.683,184.69,185.82,52393600,0.0061728395061728,0.0061538655743782,0.0171743464742905,173.2356,171.18522000000002,0.05422668250991988,2.1585953803705027,0.30000000000000004,1
2024-05-15,344,AAPL,186.296,189.013,185.761,188.091,70400000,0.0122215046819502,0.0121474250591671,0.0169385347614688,174.32355,171.57841999999997,0.051353652859752554,2.066694182808722,0.15000000000000002,1
2024-05-16,345,AAPL,188.834,189.459,188.031,188.21,52845200,0.0006326724830001,0.0006324724301389,0.0167600042528106,175.46499999999995,171.99382000000003,0.047645616848985675,2.076306996107483,0.25,1
2024-05-17,346,AAPL,187.882,189.171,187.555,188.239,41282900,0.0001540832049307,0.0001540713353329,0.0162489973992883,176.7089,172.41216,0.04722661754970544,2.08593043755429,0.25,1
2024-05-20,347,AAPL,187.704,190.272,187.387,189.399,44361300,0.0061623786781697,0.0061434688691884,0.0162433358814327,177.9692,172.81946,0.04257420636551027,2.0875874952807156,0.25,1
2024-05-21,348,AAPL,189.449,191.075,189.28,190.698,42309400,0.0068585367398983,0.0068351239674036,0.0162423240652569,179.24195,173.21273999999997,0.04267044905665789,2.0901981761814845,0.25,1
2024-05-22,349,AAPL,190.619,191.164,188.636,189.261,34648500,-0.007535474939433,-0.0075640100716114,0.0165170259433735,180.33795,173.56776000000002,0.04260746487796317,2.087997257507784,0.25,1
2024-05-23,350,AAPL,189.34,189.36,185.027,185.275,51005900,-0.0210608630409856,-0.0212858069653636,0.0176163603457101,181.19155,173.88464,0.04163191446512229,2.094434228675564,0.25,1
2024-05-24,351,AAPL,187.198,188.943,186.425,188.348,36327000,0.0165861557144784,0.0164501077149167,0.017680126118217,182.228,174.22596,0.052162205229995914,2.067658172877619,0.25,1
2024-05-28,352,AAPL,189.865,191.343,187.476,188.358,52280100,5.309321044011384e-05,5.309180104550239e-05,0.0171523142758874,183.05705000000003,174.575,0.05472812336572265,2.062912745635019,0.25,1
2024-05-29,353,AAPL,187.982,190.599,187.882,188.656,53068000,0.0015820936726871,0.0015808434809324,0.016302848128716,184.05795,174.90822,0.05331915919293869,2.1441719216768487,0.25,1
2024-05-30,354,AAPL,189.122,190.53,188.993,189.647,49889100,0.0052529471630904,0.0052391985622398,0.0160668515660237,185.15935,175.21453999999997,0.049148499775281906,2.161867932386709,0.25,1
2024-05-31,355,AAPL,189.796,190.916,188.279,190.599,75158300,0.0050198526736515,0.0050072952200641,0.015635356426547,186.1237,175.48860000000002,0.04704628669644106,2.159674170366021,0.25,1
2024-06-03,356,AAPL,191.243,193.315,190.867,192.364,50080500,0.0092602794348344,0.0092176659205793,0.0091110524180801,186.66395,175.94252,0.04322627817204746,2.1530283423987577,0.25,1
2024-06-04,357,AAPL,192.968,193.643,191.372,192.681,47471400,0.001647917489759,0.0016465611636037,0.0086694309583752,187.30275,176.38476,0.015330521915500208,2.093060567093211,0.45,1
2024-06-05,358,AAPL,193.722,195.209,193.196,194.188,54156800,0.0078212174526808,0.0077907902801732,0.0087238953835609,187.9827,176.88546,0.014100447645725316,2.0639679410404805,0.45,1
2024-06-06,359,AAPL,194.009,194.812,192.502,192.81,41181800,-0.007096216038066,-0.0071215139296733,0.0090457899667321,188.57695,177.38116,0.014196150805613893,2.059506486096095,0.45,1
2024-06-07,360,AAPL,192.978,195.249,192.473,195.199,53103900,0.0123904361806961,0.0123143029637456,0.0091545666569059,189.20005,177.85335999999998,0.015036998933825221,2.0374232008434214,0.45,1
2024-06-10,361,AAPL,195.209,195.606,190.5,191.461,97010200,-0.0191496882668456,-0.019335418487397,0.0102239022392793,189.6992,178.28704,0.0153344761698954,2.0261776519458694,0.45,1
2024-06-11,362,AAPL,191.987,205.381,191.967,205.371,172373300,0.0726518716605471,0.0701339670728534,0.0184979155624367,190.73375,179.02764,0.01877584469186179,1.9497840879570363,0.45,-1
2024-06-12,363,AAPL,205.589,218.309,205.123,211.24,198134300,0.0285775498975024,0.028176828238226,0.0192068320010404,192.00475,179.90918000000002,0.059853540548211966,2.1447264777585615,0.45,1
2024-06-13,364,AAPL,212.896,214.889,209.783,212.4,97862700,0.0054913842075363,0.0054763615290512,0.0191620910399166,193.22020000000003,180.79788,0.06695704632323918,2.151395844230072,0.45,1
2024-06-14,365,AAPL,212.013,213.322,209.485,210.665,70122700,-0.0081685499058381,-0.0082020953127364,0.0193978570460009,194.34295000000003,181.66832,0.06714109630084389,2.1569375647713107,0.45,1
2024-06-17,366,AAPL,211.538,217.07,210.893,214.809,93728300,0.0196710417012793,0.0194800671432459,0.0195875500646675,195.67145,182.60658,0.06819206817299237,2.145171631013574,0.45,1
2024-06-18,367,AAPL,215.721,216.752,211.171,212.45,79943300,-0.0109818489914296,-0.0110425946374727,0.0199880082038321,196.824,183.52004,0.06782101796715401,2.1162819294847672,0.45,1
2024-06-20,368,AAPL,212.093,212.4,207.056,207.879,86172500,-0.0215156507413508,-0.0217504868997272,0.0209055606231783,197.68305,184.31792,0.06895772335220966,2.082737766238701,0.45,-1
2024-06-21,369,AAPL,208.583,210.07,205.331,205.708,241805100,-0.0104435753491213,-0.0104984921687463,0.0210037420993268,198.5054,185.1098,0.07902990281729462,2.1280588658352886,0.45,-1
2024-06-24,370,AAPL,205.936,210.873,204.816,206.352,80727000,0.0031306512143427,0.0031257609296885,0.0201403939227764,199.55925,185.7708,0.07954709679939274,2.1219501889768555,0.45,1
2024-06-25,371,AAPL,207.354,209.565,206.818,207.275,55549700,0.0044729394432814,0.004462965580247,0.0199737284064217,200.5056,186.42036,0.07026904273896627,2.14250630326966,0.25,1
2024-06-26,372,AAPL,209.684,213.015,208.831,211.419,66213200,0.0199927632372451,0.0197955324055651,0.0202109151679233,201.65865,187.22924000000003,0.06751259817550068,2.15382982995967,0.25,1
2024-06-27,373,AAPL,212.846,213.887,210.526,212.261,49772700,0.0039826127263868,0.0039747031179724,0.020190538192545,202.8389,188.1205,0.066557574748329,2.154066638447873,0.1,1
2024-06-28,374,AAPL,213.917,214.214,208.494,208.811,82542700,-0.0162535746086185,-0.0163871129126465,0.0208015107735251,203.7971,188.97008,0.06675519890938013,2.149288383446136,0.1,-1
2024-07-01,375,AAPL,210.269,215.642,210.1,214.889,60402900,0.0291076619526748,0.0286920791267948,0.0214872228944304,205.0116,189.96024,0.07442858900368494,2.1308439511593154,0.30000000000000004,-1
2024-07-02,376,AAPL,214.294,218.487,213.253,218.378,58046200,0.0162362894331491,0.0161058904561798,0.0215953597889049,206.3123,191.06058,0.08265374122086329,2.140883139460001,0.30000000000000004,-1
2024-07-03,377,AAPL,218.111,219.647,217.149,219.647,37369800,0.0058110249200926,0.0057942060399479,0.0215653785760598,207.6606,192.16966,0.0828121583101945,2.1287082552763903,0.30000000000000004,-1
2024-07-05,378,AAPL,219.746,224.505,219.746,224.396,60412400,0.0216210556028535,0.0213906359416291,0.0218194980683316,209.171,193.35272,0.08300586233164822,2.1368336290653143,0.30000000000000004,-1
2024-07-08,379,AAPL,225.14,225.893,221.333,225.863,59085900,0.0065375496889428,0.0065162725940067,0.0215515849989661,210.82365,194.52316,0.0835770380871147,2.1501838257635577,0.30000000000000004,-1
2024-07-09,380,AAPL,225.973,227.43,224.426,226.716,48076100,0.0037766256536042,0.0037695121074491,0.0215486233733741,212.3995,195.69342,0.08287565923467417,2.114856206620889,0.30000000000000004,-1
2024-07-10,381,AAPL,227.331,231.078,227.281,230.979,62627700,0.0188032604668395,0.0186286644192213,0.0207120549761667,214.3754,196.96062,0.08370730633430552,2.1073984004593536,0.30000000000000004,-1
2024-07-11,382,AAPL,229.403,230.394,223.831,225.616,64710600,-0.0232185609947224,-0.0234923582035282,0.0158903504899841,215.38765000000004,198.0374,0.0798775282100564,2.117656520793791,0.05,-1
2024-07-12,383,AAPL,226.954,230.642,226.716,228.56,53046500,0.0130487199489397,0.0129643188276432,0.015024809542281,216.25365,199.23584,0.04722419070859902,2.1098870962400755,0.35000000000000003,1
2024-07-15,384,AAPL,234.449,235.193,231.088,232.387,62631300,0.0167439621981098,0.0166053274527822,0.0152897740557302,217.253,200.5312,0.04262153435671742,2.073839854830985,0.35000000000000003,1
2024-07-16,385,AAPL,232.982,234.241,230.335,232.803,43234300,0.001790117347356,0.0017885169968894,0.0150110740020529,218.3599,201.76102,0.04434584381220942,2.070486191344109,0.35000000000000003,1
2024-07-17,386,AAPL,227.479,229.472,224.694,226.914,57345900,-0.0252960657723483,-0.025621511299882,0.0160479967494409,218.96515,202.66812,0.04257237862811266,2.0819876368933388,0.35000000000000003,1
2024-07-18,387,AAPL,228.302,228.461,220.361,222.255,66034600,-0.0205320077209867,-0.0207457197434998,0.0166138720580622,219.4554,203.51512,0.046693719189445315,2.0712710515649917,0.05,1
2024-07-19,388,AAPL,222.889,224.852,221.362,222.384,49151500,0.0005804143888776,0.0005802460135947,0.015647071513148,220.18065,204.35102000000003,0.05079881034591376,2.087271049778357,0.05,1
2024-07-22,389,AAPL,225.06,225.824,221.174,222.037,48201800,-0.0015603640549678,-0.0015615826908018,0.0153539306988779,220.9971,205.17325999999997,0.04589605986617369,2.110409681214828,0.05,1
2024-07-23,390,AAPL,222.443,224.991,220.768,223.078,39960300,0.0046884077878912,0.0046774514359826,0.015353566688992,221.83340000000004,205.98008,0.04381668476477551,2.109214936890889,0.05,1
2024-07-24,391,AAPL,222.076,222.869,215.265,216.663,61777600,-0.0287567577259971,-0.0291783350861296,0.0170101905171632,222.3028,206.68377999999996,0.043882119439928764,2.1135003214678085,0.05,1
2024-07-25,392,AAPL,217.05,218.953,212.777,215.622,51391200,-0.0048046966948671,-0.0048162763560945,0.0165545631865806,222.51295,207.30262,0.05493204098577687,2.0812900381730537,0.35000000000000003,1
2024-07-26,393,AAPL,216.822,217.605,214.155,216.088,41601300,0.002161189489013,0.0021588574783494,0.0165429650301932,222.70429999999996,207.90798,0.051486793702062834,2.0891760273309345,0.05,1
2024-07-29,394,AAPL,215.097,217.417,213.897,216.366,36311800,0.001286512902151,0.001285686053519,0.0160359600604707,223.08205,208.47348,0.05147441565527872,2.0957835349847493,0.05,1
2024-07-30,395,AAPL,217.308,218.438,214.264,216.921,41643800,0.0025650980283407,0.0025618137794745,0.0147093113887468,223.18365,209.0477,0.04874941539814363,2.1138359637930826,0.05,1
2024-07-31,396,AAPL,219.538,221.898,218.735,220.173,50036300,0.0149916328986128,0.0148803690101307,0.0146420385761095,223.2734,209.68638,0.041040144292485634,2.0888463234446464,0.05,1
2024-08-01,397,AAPL,222.443,222.552,215.156,216.485,62501000,-0.016750464407534,-0.0168923399892048,0.015074991578056,223.1153,210.2281,0.040678825490533504,2.086402198681635,0.05,1
2024-08-02,398,AAPL,217.268,223.663,215.84,217.972,105568600,0.0068688361780262,0.0068453531953185,0.0142690322287733,222.7941,210.77358,0.04263194127571373,2.017797309446375,0.2,1
2024-08-05,399,AAPL,197.38,211.666,194.317,207.473,119548600,-0.0481667370120932,-0.0493654034505253,0.017544000064603,221.8746,211.13782,0.03851736197117438,2.051776155351195,0.2,-1
2024-08-06,400,AAPL,203.537,208.187,199.343,205.45,69660500,-0.0097506663517663,-0.0097985153930022,0.0174854566006064,220.8113,211.54132,0.055814872122368284,2.1176039437843857,0.25,1
2024-08-07,401,AAPL,205.123,211.805,204.618,208.018,63516400,0.0124993915794597,0.012421919089201,0.017090605122231,219.66325,211.93472000000003,0.05632143203587624,2.0745317538027326,0.25,1
2024-08-08,402,AAPL,211.28,212.36,207.037,211.478,47161100,0.0166331759751561,0.0164963597448411,0.0171874823297972,218.95635,212.39712,0.0533326021267076,2.0870049002883664,0.15000000000000002,1
2024-08-09,403,AAPL,210.278,214.918,210.15,214.383,42201600,0.0137366534580429,0.0136431608447089,0.0172221293066735,218.2475,212.91166,0.05054755789954204,2.0740070114086193,0.15000000000000002,1
2024-08-12,404,AAPL,214.462,217.877,213.996,215.911,38028100,0.0071274308130775,0.0071021507283732,0.0167685776026064,217.4237,213.43694,0.05084651277220788,2.0743681919747257,0.15000000000000002,1
2024-08-13,405,AAPL,217.38,220.239,217.38,219.624,44155300,0.0171969005747738,0.0170507075446437,0.0173691922916984,216.76475,214.01744,0.04888043760196836,2.0567086258995553,0.15000000000000002,1
2024-08-14,406,AAPL,218.929,221.371,218.065,220.07,41960600,0.002030743452446,0.0020286842802569,0.0165593853330847,216.42255,214.57156000000003,0.054126311064629305,2.0657210027584765,0.15000000000000002,1
2024-08-15,407,AAPL,222.929,223.673,221.103,223.048,46414000,0.0135320579815514,0.0134413173732128,0.0162364339691759,216.4622,215.1789,0.04634828144588039,2.058198211017563,0.1,1
2024-08-16,408,AAPL,222.254,225.142,221.986,224.368,44340200,0.0059180086797461,0.0059005660496386,0.0162849863291116,216.5614,215.7825,0.0474093986375934,2.0997331351620967,0.1,1
2024-08-19,409,AAPL,224.041,224.309,221.38,224.209,40687800,-0.0007086572060186,-0.0007089084222275,0.0162802287422504,216.67,216.41048000000004,0.04730447783322611,2.112604516090843,0.1,1
2024-08-20,410,AAPL,224.09,225.48,223.773,224.825,30299000,0.002747436543582,0.0027436692385117,0.0162604411796278,216.75735,217.003,0.04734156467951578,2.110377691024573,0.1,1
2024-08-21,411,AAPL,224.835,226.284,223.376,224.715,34765500,-0.0004892694317801,-0.0004893891631241,0.0147393062663668,217.15995000000004,217.66808,0.047368115917553646,2.1134015994203725,0.1,1
2024-08-22,412,AAPL,226.095,226.641,222.234,222.859,43695300,-0.0082593507331508,-0.0082936481505741,0.0148422836992744,217.5218,218.01784,0.04015015102685612,2.151084933919433,0.1,1
2024-08-23,413,AAPL,223.981,226.522,222.661,225.152,38677300,0.0102890168222955,0.0102364451881573,0.0149646581275382,217.975,218.29608,0.04088696879163805,2.1503753669337726,0.1,1
2024-08-26,414,AAPL,225.073,225.589,222.224,225.49,30602200,0.0015012080727687,0.001500082386382,0.0149640718641246,218.43120000000005,218.55788,0.041904750851798324,2.153200090517152,0.1,1
2024-08-27,415,AAPL,224.318,227.147,223.217,226.333,35934600,0.0037385249900216,0.0037315540740316,0.0149679791823864,218.9018,218.87124,0.04189368868181463,2.1531373491731767,0.1,1
2024-08-28,416,AAPL,226.224,228.15,224.001,224.805,38052200,-0.0067511145082687,-0.0067740063703826,0.0147810656208013,219.1334,219.07116,0.0419575874386685,2.152283867258999,0.1,1
2024-08-29,417,AAPL,228.388,231.187,227.177,228.08,51906300,0.0145681813126932,0.0144630848393474,0.0144402112636066,219.71315,219.38376,0.041424215661667346,2.1558499419765336,0.05,1
2024-08-30,418,AAPL,228.477,228.686,225.787,227.296,52990800,-0.0034373903893372,-0.0034433117890172,0.014467971092515,220.17934999999997,219.7721,0.039454388368884194,2.145378804717666,0.25,1
2024-09-03,419,AAPL,226.85,227.296,219.524,221.113,50190600,-0.0272024144727579,-0.0275792497560016,0.0109614957667251,220.86135,220.0802,0.03936689604731031,2.1166962711561244,0.1,1
2024-09-04,420,AAPL,220.011,220.13,215.862,219.207,43840200,-0.0086200268640921,-0.008657394188857,0.0108936455510626,221.5492,220.33730000000003,0.0216091093336696,2.0560558840784555,0.1,1
2024-09-05,421,AAPL,219.981,223.802,219.872,220.725,36615400,0.0069249613379134,0.0069010939171054,0.0107158140262899,222.18455,220.6063,0.02138257832386229,2.058470724555625,0.1,1
2024-09-06,422,AAPL,222.284,223.564,218.135,219.177,48423000,-0.007013251783894,-0.0070379602263085,0.0104360572615105,222.5695,220.76146,0.02090598021240021,2.0972757701057447,0.1,1
2024-09-09,423,AAPL,219.177,219.624,215.098,219.266,67180000,0.0004060645049435,0.000405982083064,0.0100550972487445,222.81365,220.90156,0.01849249745224836,2.0423574530862414,0.1,1
2024-09-10,424,AAPL,217.291,219.832,215.117,218.472,51591000,-0.003621172457198,-0.0036277447733043,0.0100073363517897,222.9417,221.09478,0.017804827585463753,1.9819337069430176,0.30000000000000004,1
2024-09-11,425,AAPL,219.812,221.43,216.269,221.003,44587100,0.0115850086052216,0.0115184162151539,0.0095885035963644,223.01065000000003,221.21706000000003,0.0169952019396239,1.9979547000616378,0.25,1
2024-09-12,426,AAPL,220.845,221.887,218.184,221.113,37455600,0.0004977308000344,0.0004976069731464,0.0095805430147324,223.0628,221.27176,0.015777868925327926,2.0046296210679513,0.30000000000000004,1
2024-09-13,427,AAPL,221.916,222.373,220.259,220.844,36766600,-0.0012165725217423,-0.0012173131468363,0.0090603359305587,222.9526,221.2957,0.01565855826791338,2.007721696767433,0.30000000000000004,1
2024-09-16,428,AAPL,214.929,215.604,212.328,214.71,59357400,-0.0277752621760155,-0.0281682894939455,0.0107815109056774,222.46969999999996,221.10198,0.014587563806875588,2.082449569815728,0.25,1
2024-09-17,429,AAPL,214.145,215.286,212.904,215.177,45519300,0.0021750267803082,0.0021726648338052,0.0108208959282072,222.0181,220.88826,0.01899475882628388,2.080643243206831,0.25,1
2024-09-18,430,AAPL,215.931,221.053,215.921,219.048,59894900,0.0179898409216598,0.0178299386302647,0.0116756852110763,221.72925,220.7349,0.018925522507725293,2.08568222051425,0.25,1
2024-09-19,431,AAPL,223.316,228.11,222.959,227.167,66781300,0.0370649355392425,0.0363945459361458,0.0144840428449978,221.85185,220.65866000000003,0.023705430124002173,2.092310707109928,0.25,1
2024-09-20,432,AAPL,228.259,231.356,225.926,226.502,318679900,-0.0029273618087133,-0.0029316549126522,0.0143601149685909,222.034,220.67638,0.03447017023896775,2.1022941485783133,0.2,1
2024-09-23,433,AAPL,225.648,227.743,224.13,224.785,54146000,-0.0075805070153907,-0.0076093850915682,0.0143015620934035,222.01565,220.60088,0.03433035729885767,2.100945160415411,0.2,1
2024-09-24,434,AAPL,226.949,227.644,224.05,225.678,43556100,0.0039726850101207,0.0039648147342246,0.0143257338385975,222.02504999999996,220.46670000000003,0.03561179593316247,2.0498289867122277,0.2,1
2024-09-25,435,AAPL,223.256,225.599,222.353,224.686,42308700,-0.0043956433502601,-0.0044053325945581,0.0143336240798401,221.9427,220.30435999999997,0.03593946695113951,2.050286591822725,0.2,1
2024-09-26,436,AAPL,225.609,226.8,223.733,225.827,36636700,0.0050781980185681,0.0050653474577775,0.014296029695909,221.99379999999996,220.28262,0.03658502247833964,2.060144922882887,0.2,1
2024-09-27,437,AAPL,226.76,227.812,225.609,226.095,34026000,0.0011867491486845,0.0011860455185468,0.0139019839702577,221.89455,220.35942,0.037138778256535575,2.0675671208447075,0.2,1
2024-09-30,438,AAPL,228.328,231.266,227.941,231.266,54541900,0.0228709170923726,0.0226132982576599,0.0148090827189605,222.09305000000003,220.53706,0.035716697928248504,2.085950886363057,0.2,1
2024-10-01,439,AAPL,227.812,227.941,222.075,224.527,63285000,-0.0291396054759455,-0.0295725959769014,0.0150080424745901,222.26375,220.58686,0.04149765860628189,2.112543311821666,0.15000000000000002,1
2024-10-02,440,AAPL,224.209,225.678,221.361,225.093,32880600,0.0025208549528563,0.0025176829277015,0.0148429928887376,222.55805,220.62716,0.04265876871241335,2.116035247065791,0.15000000000000002,1
2024-10-03,441,AAPL,223.465,225.122,221.658,223.991,34044200,-0.0048957541993752,-0.0049077776626315,0.0148480242725682,222.72135000000003,220.77372000000005,0.04184506996097163,2.119216217699334,0.45,1
2024-10-04,442,AAPL,226.204,226.304,222.462,225.112,37245100,0.0050046653660191,0.0049921836555072,0.0147564127051077,223.0181,220.96352,0.041867624455777616,2.0939214852342056,0.15000000000000002,1
2024-10-07,443,AAPL,222.83,224.011,219.683,220.041,39505400,-0.0225265645545328,-0.0227841635067581,0.0157016867215335,223.05685,221.04258,0.04120315215245904,2.0721915677469136,0.45,1
2024-10-08,444,AAPL,222.631,224.299,221.589,224.09,31855700,0.0184011161556256,0.0182338642498794,0.0161776851309422,223.33775,221.19706,0.04598808592186299,1.9488759213651956,0.45,-1
2024-10-09,445,AAPL,223.554,228.041,223.157,227.832,33591100,0.0166986478646971,0.0165607583725476,0.0163862831031402,223.6792,221.41528,0.0477180458553884,2.0109301081217836,0.45,1
2024-10-10,446,AAPL,226.085,227.792,225.48,227.336,28183500,-0.0021770427332419,-0.0021794159357742,0.0164070862604882,223.99035000000003,221.55854,0.04931968256679155,1.9898125659196624,0.45,1
2024-10-11,447,AAPL,227.594,227.703,225.648,225.857,31759200,-0.0065057887884013,-0.0065270436689429,0.0164958454021651,224.24100000000004,221.74598000000003,0.049601563881760756,1.9965241642832279,0.45,1
2024-10-14,448,AAPL,226.998,230.006,226.899,229.579,39882100,0.0164794538136963,0.0163451412048543,0.0153237248607401,224.98445,221.97812,0.049848442394861345,1.9771836774206903,0.15000000000000002,1
2024-10-15,449,AAPL,231.872,235.723,230.641,232.11,64751400,0.0110245275046934,0.0109642003817287,0.0154120350310999,225.83109999999996,222.47086,0.03908879235757793,2.0665438130614575,0.30000000000000004,1
2024-10-16,450,AAPL,229.877,230.393,228.13,230.055,34082200,-0.008853560811684,-0.0088929864586199,0.0152894431257476,226.38145,222.96296,0.04049571297573185,2.07327249735516,0.30000000000000004,1
2024-10-17,451,AAPL,231.693,232.11,228.805,230.423,32993800,0.0015996174827759,0.0015983394574499,0.0129561499148507,226.54425,223.41106,0.042004861120704846,2.026338766279792,0.30000000000000004,1
2024-10-18,452,AAPL,234.423,234.423,232.269,233.251,46431500,0.0122730803782609,0.0121983767354051,0.0131705615845014,226.8817,223.84652000000003,0.026391295456623318,1.9317952831045804,0.30000000000000004,1
2024-10-21,453,AAPL,232.706,235.088,232.706,234.72,36254500,0.0062979365576139,0.0062781874309637,0.0130289279639891,227.37845,224.25326,0.025745533450785344,1.96395414990068,0.30000000000000004,1
2024-10-22,454,AAPL,232.15,234.462,230.869,234.105,38846600,-0.0026201431492842,-0.0026235817320449,0.0130662830855669,227.7998,224.61714,0.026611055570263248,1.9840541133724412,0.25,1
2024-10-23,455,AAPL,232.338,233.39,226.065,229.043,52287000,-0.0216227761047392,-0.0218599738097519,0.0140360974769187,228.01765,224.80552000000003,0.027474864316801923,2.01632565838891,0.25,1
2024-10-24,456,AAPL,228.269,229.103,226.71,228.854,31109500,-0.00082517256585,-0.000825513208137,0.0140090794291631,228.169,224.9812,0.030604092120513772,1.9352507184150063,0.25,1
2024-10-25,457,AAPL,228.031,231.485,227.862,229.688,38802300,0.003644244802363,0.0036376206307972,0.014023793286173,228.34865,225.114,0.031132570433151714,1.909353662846954,0.25,1
2024-10-28,458,AAPL,231.584,232.983,230.82,231.663,36087100,0.0085986207376964,0.0085618631577646,0.0131839814562626,228.3685,225.2599,0.031480597195335074,1.9196016462374828,0.25,1
2024-10-29,459,AAPL,231.366,232.586,230.591,231.931,35417200,0.0011568528422751,0.0011561842036538,0.0112358185212283,228.7387,225.41434,0.028585899501823463,1.922612479963522,0.25,1
2024-10-30,460,AAPL,230.879,231.733,227.842,228.388,47070900,-0.0152760950455091,-0.0153939766398942,0.0118537666213358,228.90344999999996,225.4856,0.021942705565405646,2.1105663770932215,0.25,1
2024-10-31,461,AAPL,227.634,228.12,223.693,224.229,64370100,-0.01821023871657,-0.0183780859281153,0.012543906857609,228.91535,225.47588,0.025633066794372338,2.1032757596011633,0.25,1
2024-11-01,462,AAPL,219.326,223.673,218.631,221.251,65276700,-0.0132810653394521,-0.0133700474171075,0.0128328273168423,228.7223,225.44372,0.028129363966226704,2.1544259250670987,0.25,1
2024-11-04,463,AAPL,219.346,221.132,218.075,220.358,44944500,-0.0040361399496499,-0.0040443071458685,0.0118093901021196,228.73815000000005,225.34784,0.03044229154384514,2.099142928976952,0.15000000000000002,1
2024-11-05,464,AAPL,220.15,222.284,219.495,221.787,28111300,0.0064849018415487,0.0064639653309991,0.0111199710791306,228.623,225.27378,0.026240705197186756,2.049414638675677,0.15000000000000002,1
2024-11-06,465,AAPL,220.954,224.388,219.544,221.063,54561100,-0.0032643933143061,-0.0032697330700367,0.0103695916552545,228.28455,225.16838,0.02343636701703248,2.1039092643088884,0.15000000000000002,1
2024-11-07,466,AAPL,222.959,226.184,222.899,225.787,42137700,0.0213694738603928,0.0211443482177223,0.0115525904262349,228.2071,225.18802,0.019958569286636085,1.992545671780204,0.2,1
2024-11-08,467,AAPL,225.728,227.208,224.973,225.519,38328800,-0.0011869593909303,-0.0011876643851498,0.011462557964481,228.1902,225.1368,0.023885465194566413,2.1270878026068725,0.2,1
2024-11-11,468,AAPL,223.572,224.267,220.094,222.806,42005600,-0.01203002851201,-0.0121029749269322,0.0110696777922274,227.85155,225.047,0.0237662489746688,2.0952546104624106,0.05,1
2024-11-12,469,AAPL,223.124,224.158,221.942,222.806,40398300,0.0,0.0,0.0106842155141665,227.38635000000005,225.08086,0.023073333193899245,2.0967853035624557,0.15000000000000002,1
2024-11-13,470,AAPL,222.588,225.211,221.346,223.691,48566200,0.0039720653842356,0.0039641975599872,0.0106353096074416,227.06815,225.17054,0.021194043075707675,2.0145156185754516,0.15000000000000002,1
2024-11-14,471,AAPL,223.591,227.417,223.572,226.771,44923900,0.0137689938352458,0.0136750624842913,0.0111485476137217,226.88555,225.29146,0.02051017294977165,2.017298203485429,0.15000000000000002,1
2024-11-15,472,AAPL,224.963,225.479,222.846,223.572,47923700,-0.0141067420437356,-0.0142071878906315,0.0110883572305284,226.4016,225.37936,0.023099334919394202,1.938060578279343,0.15000000000000002,1
2024-11-18,473,AAPL,223.82,228.282,223.741,226.572,44633700,0.0134184960549621,0.0133292653781783,0.0114782438064013,225.9942,225.52548,0.02334435254114726,2.0396076806063648,0.15000000000000002,1
2024-11-19,474,AAPL,225.539,228.699,225.221,226.831,36211800,0.001143124481401,0.0011424716121043,0.0114932416557761,225.63050000000004,225.69266,0.025031560038932192,2.0796210751072075,0.15000000000000002,1
2024-11-20,475,AAPL,226.612,228.47,224.456,227.546,35169600,0.0031521264730129,0.0031471689374827,0.0105044466031778,225.55564999999996,225.82352,0.025095140127008645,2.0845036899249627,0.15000000000000002,1
2024-11-21,476,AAPL,227.427,228.699,224.277,227.069,42108300,-0.002096279433609,-0.002098479702798,0.0105117907359781,225.4664,225.94264,0.020714502328442574,2.0879285362340507,0.15000000000000002,1
2024-11-22,477,AAPL,226.612,229.255,226.612,228.411,38168300,0.0059100978116783,0.0058927016918018,0.0105690342328227,225.40255,226.09398,0.020714555179444545,2.0882162608234136,0.15000000000000002,1
2024-11-25,478,AAPL,229.991,231.769,228.281,231.392,90152800,0.0130510351953276,0.012966604249555,0.0108088577408322,225.389,226.42762,0.020887647333996694,2.0748165998094548,0.15000000000000002,1
2024-11-26,479,AAPL,231.849,234.074,231.849,233.568,45986200,0.0094039551929194,0.0093600132766805,0.0110108610457168,225.47085,226.79544,0.02196730527036235,2.08288257248989,0.15000000000000002,1
2024-11-27,480,AAPL,232.981,234.194,232.326,233.439,33498400,-0.0005523016851624,-0.0005524542599189,0.0103811449282561,225.7234,227.08325999999997,0.02259361749364499,2.0870065483745908,0.15000000000000002,1
2024-11-29,481,AAPL,233.319,236.3,232.485,235.823,28481400,0.0102125180453995,0.0101607226256031,0.0095000510365609,226.3031,227.25638,0.02036342598882686,2.092158121069268,0.15000000000000002,1
2024-12-02,482,AAPL,235.764,239.261,235.654,238.069,48137100,0.0095240922217085,0.0094790239854423,0.0088437336171548,227.144,227.48772,0.016204840164277076,2.127357941772594,0.4,1
2024-12-03,483,AAPL,238.288,241.219,237.383,241.11,38861000,0.0127736076515632,0.0126927132723884,0.0088678690852775,228.18159999999995,227.81422,0.014647629747015278,1.9890000639250731,0.25,1
2024-12-04,484,AAPL,241.328,242.56,239.718,241.467,44383900,0.0014806519845713,0.0014795569002475,0.0088809131111682,229.1656,228.13,0.014240960598902981,2.023382313567038,0.25,1
2024-12-05,485,AAPL,242.441,242.988,240.593,241.497,40033900,0.0001242405794581,0.0001242328622365,0.008760568501558,230.1873,228.46622,0.014085122726168579,2.006551829083668,0.25,1
2024-12-06,486,AAPL,241.368,243.077,240.543,241.298,36870600,-0.0008240267995047,-0.0008243664962135,0.0078668526266957,230.96284999999995,228.77564,0.013532209343878625,1.9929780069304048,0.25,1
2024-12-09,487,AAPL,240.295,245.67,240.215,245.184,44649200,0.0161045677958375,0.0159762649191765,0.0082804951916933,231.94609999999997,229.15741999999997,0.00944554721634255,2.0943007837877223,0.25,1
2024-12-10,488,AAPL,245.323,246.634,243.782,246.197,36914800,0.0041315909684156,0.0041230793826569,0.0073470405975781,233.11565,229.45604,0.009389010914369162,2.0652683216631154,0.25,1
2024-12-11,489,AAPL,246.386,249.208,244.697,244.925,45205800,-0.0051665942314487,-0.0051799872301346,0.0076189922835117,234.2216,229.864,0.007865468354997603,2.121904534728918,0.25,1
2024-12-12,490,AAPL,245.323,247.161,244.12,246.386,32777500,0.0059650913544961,0.0059473706326264,0.007621022637099,235.35634999999996,230.28986,0.008982674892498769,2.0754725563406167,0.25,1
2024-12-13,491,AAPL,246.247,247.707,244.677,246.555,33155300,0.0006859155958536,0.0006856804632659,0.0073745641425069,236.34555,230.74113999999997,0.009114079321666559,2.0672899858468052,0.25,1
2024-12-16,492,AAPL,246.416,249.784,246.078,249.446,51694800,0.011725578471335,0.0116573665742708,0.0061582892479721,237.63925,231.22782,0.009137260519770958,2.0784813683364294,0.25,1
2024-12-17,493,AAPL,248.492,252.219,248.194,251.871,51356400,0.0097215429391532,0.0096745927806753,0.0059606754919997,238.9042,231.86442,0.006939538944620289,2.0684689885590917,0.2,1
2024-12-18,494,AAPL,250.559,252.666,246.167,246.475,56774100,-0.0214236652889773,-0.0216564832204394,0.0084215791494499,239.8864,232.31212,0.00656296921852461,2.082513802942891,0.2,1
2024-12-19,495,AAPL,245.929,250.4,245.521,248.204,60882300,0.0070149102343037,0.0069904202149952,0.0084406713349365,240.9193,232.71956000000003,0.012595878476692217,2.07900897308224,0.2,1
2024-12-20,496,AAPL,246.465,253.381,244.13,252.874,147495300,0.0188151681681196,0.0186403522810044,0.0088789311127298,242.20955,233.23032,0.012487580032679389,2.085737928324604,0.2,1
2024-12-23,497,AAPL,253.153,254.027,251.841,253.649,40858800,0.0030647674335835,0.0030600806074522,0.0088936824388242,243.47145,233.78616,0.01466893480724043,2.055007056094708,0.2,1
2024-12-24,498,AAPL,253.868,256.571,253.669,256.561,23234700,0.0114804316200733,0.0114150315364757,0.0088282552459218,244.7299,234.3258,0.01478552375709577,2.0479682868892843,0.35000000000000003,1
2024-12-26,499,AAPL,256.551,258.449,255.994,257.376,27237100,0.0031766324577779,0.0031715976206256,0.0087823648198426,245.9203,234.83112,0.014529360131869088,2.0422217232966835,0.35000000000000003,1
2024-12-27,500,AAPL,256.193,257.058,251.453,253.967,42355300,-0.0132452132288946,-0.0133337134034622,0.0096162648488075,246.9467,235.30936000000003,0.014503489736058887,2.0035718056101812,0.2,1
2024-12-30,501,AAPL,250.629,251.891,249.158,250.599,35557500,-0.0132615654789796,-0.0133502852871748,0.0102632006916729,247.6855,235.71288,0.017117308765529724,1.9690970469754407,0.2,1
2024-12-31,502,AAPL,250.837,251.672,247.846,248.83,39480700,-0.0070590864289161,-0.0070841196568983,0.0103854683671402,248.22355,236.02446,0.01999148982014034,2.0688778935404697,0.2,1
